Systolic_BP,Diastolic_BP,Total_Cholesterol,HDL_Cholesterol,Fasting_Glucose,CRP_Inflammation,Age,LDL_Cholesterol,CVD_Risk
0.6336243344078514,0.9720118244494845,0.5333169183670743,-0.729261418683341,0.5795481386540358,0.6665051992419602,47.892110250104025,0.21337432759397046,1
-0.2947388237429975,-0.15342950462483984,-0.44025773908329696,-0.07529199133607113,-0.8727302558197195,-1.0102843610419578,68.62071672939067,-0.23443514120464465,0
0.8139154966305161,0.4705868463730768,0.7667580269567077,-0.5361030833548135,1.6224735843746934,0.4492998359042957,45.09393908921247,0.5697840741544948,1
1.9906252364005466,1.1446012582548186,1.8314854811913872,-0.6885833680175797,1.9558599532762342,0.8420743571352921,40.329072530399316,1.7134344011174854,1
-0.26632602857029186,-0.6849382937873223,0.45667155112803903,0.2752179872130868,0.3070849113511563,0.3583817519474457,39.7386817626704,0.09407290821258302,0
-0.2687868409778519,-0.630170942700553,0.9421333793060682,-0.10320044395555192,0.7132049553226882,1.344857831000701,48.31058450816536,0.5482594172704451,1
1.684457872266843,1.6459944782602622,0.7219014832369439,-1.0082417129716466,0.48618020830190817,-0.49551537953897856,60.38080594867776,0.4584412961181055,1
0.7220513997182061,0.8946159849603923,0.4417491002768035,-0.8466651081947092,0.15337866765281405,-1.7093804283752314,38.239527367538926,0.39127954436889983,1
-0.9841508446618505,-0.8647720614429855,-0.8905960805556906,0.5451702809318811,-1.824210802259241,-1.6371891654053727,58.371845085630724,-0.885222921780008,0
1.1759450752592393,0.7663196221049935,0.7422427771972561,-0.47401696087375095,1.179982489211402,0.9153219589635839,30.845992933976653,0.7627172294003517,1
-0.9292602019923402,-0.5841829557333221,0.09030363213686524,0.3056651472208894,0.055264347524757576,0.4594073554901231,46.757319119357845,0.2821370109679183,0
-0.7667472636230804,-0.4290315005738695,0.01998892894635268,0.5911701570076178,-0.34923633717194996,-0.17897967635089868,61.03460260811147,0.13690609785347094,0
0.0748325462084817,0.6450174286298902,-0.007009946935965294,-0.4268063038130739,0.2957248939615709,0.4234358460297979,43.549318230977256,0.3177990730366031,0
-2.027458980506025,-1.689070415691415,-2.4473986854156475,1.0598725342378603,-1.9915076775435974,-1.3652254307537155,52.549484057815974,-1.9971235567122316,0
-2.158386302503248,-1.7920504944894908,-0.26882681736194813,1.0907226174899218,0.38161954013066457,1.9679744527761491,38.199169313036435,-0.47188213682568936,0
-0.30042241328704705,-0.7850855855947946,-0.37292171027909005,0.6012770406725442,-0.12379167410779399,0.2429610513831084,59.679815645046894,-0.04430815102955854,0
-1.417444531674469,-1.55078497066675,-0.7023472078871673,0.4051125691387281,-0.9897276060882302,0.551677694824403,32.091164130750386,-0.7180263738252917,0
0.46079504778146924,0.13445900278466885,0.6753060138153724,-0.7864042524388055,0.5858989444070314,0.46017180634558474,64.10170579502002,0.7560938116801805,1
-1.34023300660338,-0.9608066352281345,-0.5076091989959612,0.5453850811830478,-0.033983659035798974,0.46592203647749986,37.92785545686672,-0.1167209758355458,0
-1.0512197032703332,-1.6590985831230876,-1.5794613599834348,1.0989607509168882,-0.656503205161828,-0.27185847871728613,64.97592126833322,-1.2512045538398398,0
1.402498996997011,1.432834527148478,1.3170894218377083,-0.785901788297322,0.2130940679796593,-1.2303686154345055,44.101169652020694,0.820294245929122,0
-0.17798534751573453,-0.2065633297468436,0.3362656701448482,0.06541113792349515,0.21899275902235615,0.5883682796542216,58.907342978979464,0.10218338632116267,0
0.27116690990513814,0.011314209235904198,0.7447679595887366,-0.12955506470474717,0.5863932765885199,1.5042295237680094,42.769011911447535,0.8976016590274533,1
-1.5855580942206986,-1.5872488314193216,-0.7571484340742788,1.228103877200569,-0.24722864134899528,1.370964209373588,66.2364668493859,-0.6774007060917002,1
-0.7088455670935316,-0.5022190565335007,-0.3120020521836222,0.007119567228543677,1.1169550376135442,0.9311985790690804,35.065485020734975,-0.24928703736764568,0
0.09416089773181147,0.22140775210221836,0.04962048697175586,-0.15534996783350813,-0.5079052787570073,-0.27899700626276003,37.14079157090395,0.19394229715871433,1
-1.3680488513130304,-1.4235933467830142,-1.2601189152692616,0.8437802821806234,-1.7073049888693503,-0.3244793960709015,49.72120500635209,-0.9318365055628076,0
0.40673702152625973,0.7284311132822394,0.26915614337145216,-0.17314486858496347,0.4355102961713229,0.004296866009597944,33.27753756152585,0.2845426843428265,1
-0.4316026928640931,-0.6252857229898704,-0.1809788480502959,0.31848574430498694,-0.8798845246287808,0.11372530622871788,37.83920738807048,-0.19556569508684468,0
0.31312440072547326,-0.2869813440570649,0.07492906328044814,0.211073827196462,0.2479180897720998,0.8774922349828463,67.75065528848057,0.001156014641909453,0
-0.8892954701776263,-0.4246530064152576,-1.0491400251243048,-0.0764708421220201,-1.2878263957264136,-1.7466920680533335,69.05958644591549,-0.7201892562973904,0
1.8117929275370017,1.9105822173248133,1.9729711922346551,-1.428244411623026,2.1166530757512505,1.562533489496078,45.050373173216876,1.7877394196130154,1
-0.042681284190897145,0.22478693374037736,-0.08241630695800774,0.10014979982744723,-0.17571865386413557,-0.279120728814458,66.93144084055743,-0.12151386103786449,0
-0.4953403134507849,-0.9859298876554443,-1.174998541410129,0.5439388434181942,-0.8261561255908669,-0.21538404186218182,51.79298702693727,-0.7823262975999814,0
0.7459515241329076,0.6694355684430795,0.40304104740108554,-0.5639845941543128,0.1361098839822596,-1.2004420768509474,40.78969863495068,0.31677806726496593,0
-0.9732773383320064,-1.1304677686694968,-1.8715600323702353,0.9439650551402551,-1.8285012217091077,-1.6187502536195608,58.095948843223944,-1.7611584623815786,0
0.7539465582286387,-0.07706795682541004,0.47780369038754544,-0.21471435667488176,0.5488133628497036,1.0173083169750905,56.35607226299429,0.25433899704874463,1
-2.517680621168129,-1.9325301974356448,-1.4865617731839846,1.4058618409151569,-1.3147434780161027,-0.02817119848873762,69.56501276434933,-1.45932567446834,0
-1.4231283349225339,-1.3364935465595458,-1.8423810750764744,0.7371837211719788,-1.8072358805483821,-0.668649850782207,40.60189149637133,-1.6205059171357405,0
0.7247524699815096,0.1448320215509886,-0.8228295267648391,-0.1791251210475958,-0.4920596533585916,-1.0556206824155223,56.88238010646941,-0.4526602420828747,0
0.7724215736982464,0.7063322021356777,1.0551812135414442,-0.3948833720789428,0.2032995078870874,-0.729102202671567,32.08095020117788,0.7358849953041258,1
0.14456782939725604,-0.2990939801844393,1.2362762867938766,-0.0885632046392925,1.0751684337522511,1.5582341201644445,34.545841547868775,1.0885299959784156,1
-0.31328221305048176,-0.2528295093234809,-0.595598803226544,-0.03635245624101874,-0.5394783603749473,-0.35514616052978576,30.15673499804373,-0.637596851868045,0
-0.6657514539150066,-0.2778924703040101,-0.665338165704044,0.25561586777066075,-1.138215826564701,-1.027842159115224,69.97842724238693,-0.6175992491027249,0
-1.969009651960715,-1.4385578923680773,-1.5798594481304653,1.1778873513845227,-1.4996375903157906,-0.19029173438373492,62.09094788589911,-1.644888773307946,0
-1.2309951301023274,-0.9767629936261981,-0.677903050854988,0.09390269016080038,-1.0377312331932318,-0.603958412783854,61.468920589341636,-0.6203252390580473,0
-0.5425414846739771,-0.14421181074361233,-1.4050623123363892,0.5542619526630308,-1.8860127196281673,-2.116435623010615,50.38904301152719,-1.2330440414469233,0
1.0375547021451061,0.8405785141652905,0.8593697168950027,-0.8072365060894554,0.8240866825107975,0.50561989232395,42.0026833162176,0.8385218481678914,1
0.482477721019378,0.5859825897001456,-0.018247051147774834,-0.1554348160498769,0.354015119535711,-0.06150100953832757,36.05057137850704,0.029146189175465506,1
-2.582416880296369,-1.6562415648948128,-1.5154159095959712,1.4735774934829593,-1.0338939685065291,0.5425856535993689,41.38698955385855,-1.5277819481469845,0
0.4881648329380911,0.16252714193384424,0.756400435789081,-0.5011935180224497,1.47485248806433,1.7480007264455009,45.03884887716556,0.8597800192294274,1
-0.21204004801690246,0.05874544273606147,-0.14549470302471532,0.12766939580591224,0.5523665790985159,0.9539191399389837,60.25240387921176,-0.08160988952660894,1
-1.410427093138587,-0.9753312082450787,-0.7369387635121016,0.4161356610390301,-0.5355925722128889,-0.1627273948781659,51.5864715561261,-0.5867192455497889,0
0.8462285175633131,0.8414648322433682,-0.10682970027311259,-0.5849241064134931,-0.4528544334549939,-1.158127020033112,33.09934506221931,-0.09264171590917349,0
1.6055001247371288,1.2811451020066955,2.1618591112600862,-0.3747123505798039,2.362074568503236,2.117149849047288,30.72116035835649,1.7340287551266291,1
0.7546438373320765,0.7636250668470373,1.3080133274111523,-0.8232505021466976,0.8432332385622402,0.30623560131582683,34.09328718136253,1.1553717962492247,1
-0.5052893118158551,-0.49110119820655634,-0.923740026546209,0.4763429103584736,-0.6189020271968286,-0.1978721044946492,46.419948547895174,-0.6900613353785612,0
-0.2453491482116439,-0.3717240045009528,-0.21611982294948132,0.25732646941644555,-0.8723276316657382,0.3368238856237343,67.32771668196074,-0.5330809877761701,1
0.18601256095675409,0.4034368387235282,0.5272765256612297,-0.4723143071977125,0.41544531720542993,0.13554130257800248,55.496099248368864,0.34043287934282607,1
1.1539234292495193,1.0406255868151644,0.9618471309163286,-0.7620177313369042,1.3088019100065766,-0.33743070742378917,62.073035995020604,0.7665806671981613,1
-0.4075110116578312,-0.5127514232129269,-0.6379350364380293,0.398912618741738,-0.8115896631392041,-0.20952158627412792,48.654983780181944,-0.49101065983346925,0
-0.1999891545728571,0.01704309162612841,-0.16303192998567553,0.06338920278816972,-0.6857827265986944,-0.509185711926881,44.46664332780171,0.10008506069760098,0
-1.165975171073323,-0.907962793867975,-0.8641280988876276,0.7557571100242301,-0.7373986247207007,0.16367610569872826,34.33601490866491,-0.8888570469738399,0
-1.7116500268206147,-1.633339617390216,-1.665254596824299,0.7314782143667954,-1.1294963676007908,-0.5076794749716463,65.0373208874482,-1.5150587766642225,0
1.025839234083861,1.1386108831137363,0.7068817464006945,-0.871662137512092,0.5395074468142742,-0.5852331620242074,61.32640116111611,0.49834266231128027,1
1.2033736852134935,0.9406170315619043,1.529375367970522,-0.8850493777317283,0.703677711270589,0.20853423323709036,36.724723903909,1.1396635447540353,1
-0.1197799643010107,0.1861264295050805,-0.39578582764421705,0.40139369943568204,0.012420154134734157,-0.13125750953918275,50.49042255505042,-0.40585525252003696,1
0.9330671850309922,1.28520918209892,1.5161581541701776,-0.6987927023677292,1.8321720849440701,0.7043114457532162,49.494992316849796,1.4428948750422452,1
0.213304247280231,0.08889441749383459,-0.5299168029710134,-0.208092394083834,-1.3619988273322454,-2.401086781738008,55.003662107461146,-0.6611963815982305,0
-0.40331575296301786,-0.7478233265937705,-0.20679918424943552,0.5901283792469588,0.27267049057614084,1.1055579777356734,67.84747575965045,-0.09021642758143954,1
0.7610677627883774,0.08496943838693,1.1455835362864277,-0.5068430231652296,1.327535064109395,0.9638340067727165,53.190857670499184,0.6333655598397964,1
2.028385316031316,1.4843063088937853,1.2640385652419208,-0.7361226649002572,0.1711878994131223,-1.7896450116193752,51.60869067114474,0.9621651811671914,0
-0.3706850763337155,-0.11283461015638685,-0.4051142826215906,0.06554398666152648,-0.5753878794027915,-0.6137935790786476,32.01291731738656,-0.4102450002719492,0
1.7826498520683667,1.759558788881341,0.8452895628881566,-0.7688791792519825,1.1966656782896752,-0.5670867731155953,32.51629904072096,1.053468063037746,1
-2.7797648149139382,-2.2921679175598424,-2.8296296928864355,1.687214973758023,-2.8287224264077566,-1.6314590157647437,37.49387165307156,-2.460145699904008,0
1.02879807934224,1.170823457072713,0.6450543304391944,-0.21171936855109164,0.17159909513154734,-0.6475735297480836,31.29883086766993,0.10804748618313154,1
0.8002553438803137,-0.053494938406404305,-0.43514788892540807,0.09409815104023679,-0.5791011088003605,-1.0380700715179247,59.7341158228005,-0.7696534869588468,0
-0.2408134687407294,-0.3513128189019994,0.8677797609464787,0.3199131624965789,0.7820338565652949,1.1601693819925694,58.933212159758526,0.7444187140738431,0
0.1677276667896122,-0.32909877151973527,0.05527431622396195,-0.01742765270422201,0.9877398674222229,0.7315118582259806,35.44224937726572,0.16973733994834939,1
-2.477817636781822,-2.18903643122494,-1.0723143982336567,1.341592516605735,-0.7528590169089381,1.1082367337085115,63.443156031811235,-0.8363760669731577,0
-0.22354399397032962,0.021541020436852465,-0.09079411966413467,0.3938766531810329,-0.06761451596714352,1.1006371342870742,36.19144139384448,-0.04366098055431641,0
0.38279413489993247,0.7610082773988043,0.38559397773586906,-0.2219068260886131,-0.5276555908874463,-1.2812122718645869,42.04702347989435,0.5602068005766221,0
1.9859054566963963,1.1693068267715356,1.7180511397058904,-1.4279397720364917,0.8473167888314156,-0.12977095219868845,39.9590759664546,1.3524252246025805,1
-0.33491356689000157,-0.666386283061871,-0.5006903482901198,0.13935186045015266,0.2736865083206304,0.6347750392361025,44.89228394292191,-0.24660468484123677,1
-1.2059891616242098,-0.8150950421329194,-1.381362506933221,0.5287763715866818,-1.158718482020408,-1.1724754319577315,40.18655063559848,-1.5005611078985213,0
-1.0014783383687773,-0.4317167538796348,0.09149439893681288,0.41322972714228656,-0.20367930820908275,0.6212077327844182,49.55803705753809,-0.1032193274913223,0
0.5476209293115001,0.7130012377216626,0.6115925517317582,-0.652099180171431,1.287913324385342,-0.30666863086091184,46.29631525418742,0.15844538998563118,1
0.5468987296653844,0.4347663707757069,0.13232431029420552,0.013668381196953544,0.10110344100839874,-0.2534345009349933,69.46277963117306,0.05750660361611624,1
-0.9667222263726085,-0.6482200405347678,-0.18478366994621528,-0.019388230170797827,0.4118730494965202,0.946050727913931,32.237054005129025,-0.16631836290755148,0
-0.02994625814971763,0.5096543653937863,0.06374406753713957,-0.33056961587831724,0.6059942316534722,0.5068122073466601,35.68725505549406,0.07700275585187262,1
0.23306664057693768,0.23364861134896528,-0.06116799574266679,-0.43155012962105926,0.016236235931217147,-0.16162083934690344,32.1130357563441,-0.039616125803839726,0
1.9102738438693043,0.9702505579856237,1.1285940806060473,-0.5261090342761887,1.673922176273737,0.8198865127027379,55.03364779929503,0.7737943023527946,1
-0.8442849861147909,-0.8111495665089945,-1.2122099622495077,0.4725454228257461,-0.8097194034416757,-1.2358648283110016,32.18037109654878,-1.0684266367947246,0
-0.1416473435818293,-0.3550645975792259,0.3845679118803583,0.31328549702326136,0.44102524583169955,0.44063143292030904,63.457589495044935,0.027393391377154852,1
-0.4459809761943196,-0.41419889293349144,-0.49260890291536524,0.10169911507455706,0.32343873995380534,0.7761330450906858,50.47754522727711,-0.14607177245161035,1
-1.785884833715885,-1.5560177056026505,-1.1970204730201095,1.2803534500240332,-1.3778900940457157,-0.6294291155986041,51.08030498326135,-1.0781926166466933,0
0.6310672773738217,0.23142126139780045,0.3132725791554231,0.0010607388665670459,0.24624620855688442,-0.002865924250479379,52.46378030848777,0.16850446847337136,1
0.22618396335927177,0.6607170648060685,-0.34942373614097105,-0.06602982992354497,-0.4550944385990056,-0.9693239270497253,36.83254825224843,0.02077788996899116,0
0.08635384219252394,0.14534331862777056,0.6113244874764886,-0.029482869022410776,0.8381897257083071,0.4930579191537053,37.9076121245795,0.27117650764516943,1
-0.18499521819137218,-0.308457212882437,-0.1830738862441607,0.28018245042162926,-0.3536978421301357,-0.3460525709331944,42.75269291492019,-0.3807302261139304,0
-1.8988720265534116,-1.2411321409227303,-1.3117389768871295,0.8493810058378202,-1.0556102791349184,-0.5240780618472759,53.73985663287406,-1.334222195327773,0
-0.20716168245747402,-0.5041001952043616,0.33147829800579093,0.4655628577398937,0.749706567073968,0.49780302962197415,38.40471103760858,0.2681822769650259,0
-0.463745346840746,-0.04943335713010916,-0.689573056046193,0.5697963404335229,-0.9545383774427585,-0.8070054139882995,34.65326908533045,-0.49981077171174454,0
-1.189456270913796,-0.7098667211720955,-1.4691050811972062,0.7757162004509703,-1.697860940873234,-0.9509120578940207,68.80467545673729,-1.1008042253940584,0
-0.03258990092808989,-0.18811124766706636,-1.0933539678763091,-0.03302049579527552,-1.09705430553545,-1.572145784376864,30.879272592384915,-0.41495180919586894,0
0.21532063364013487,0.5159800882671078,0.3584265926776538,-0.21055213631555628,0.7589279138750464,0.08533992745280228,62.10789621344087,-0.14522388706414702,1
2.2718774286633745,1.4934668631934054,2.0701238976835814,-1.5789584395991008,0.48901171028001245,-1.1818497268805002,61.52140598300088,1.8813524308559275,1
0.2067576764049457,-0.10711405439561236,1.232441578563437,-0.007726406747152109,1.5894706724746412,1.5868242212149533,41.88856455380384,0.9361492272644752,1
0.6348291386167907,-0.040930860876999486,-1.0062987213654073,-0.09016459093342727,-0.9287747932326247,-1.7147739783062002,35.42506464029253,-0.9726369429383509,0
0.053074370944585184,-0.038710142075240525,0.21484383610339375,-0.3218511268701158,0.9738734986216192,1.241019825103126,35.825145868216936,0.058662835037109146,1
-2.310033545982393,-1.4856424654277685,-1.4979272883725425,1.1107830819268563,-1.7432407883132683,0.17990367314099648,57.8972646894877,-1.454992129278256,0
0.21351323922102589,0.5313111610989412,0.10163170656093794,-0.038068066534301614,-0.4726580186374002,-0.513797347711227,55.712263643446946,0.4232919174974876,1
0.4893385166344257,0.21974298530121572,0.0009047048185532036,-0.10233309638688376,-0.19747601954505817,-0.3122588560034017,61.30982697005547,0.16922846449855078,1
3.123233626887902,2.5884532312214006,2.300085608911477,-1.9661648658234612,1.4471345651287562,0.4151676493325677,67.49924689596418,1.9597119632862303,1
-0.22772737178433283,-0.6426253983193073,-0.2258150272738197,0.21244842121722252,0.1369396778524706,-0.132434880463809,57.67709453066368,0.07826037731465332,0
-0.03169405890471294,0.16587889240010703,0.811077218154667,-0.1607884178454263,0.8406954826484261,1.1341226335623213,36.23406146205774,0.38690984237169185,1
-0.3611882225689037,-0.23165770768230304,0.040218368618095995,-0.01455558760203355,1.0154306527967112,-0.19049190580862796,39.737704670616424,-0.23195541294080366,1
-1.4939810564498386,-1.323889937182311,-1.6574796410970882,0.6669163263019997,-0.09395259615268925,0.40221865748289437,63.68774923492458,-1.8444512413714624,0
1.1885337167702397,1.100786859868823,0.814155759005418,-0.5902345448772016,0.5845150627836968,-0.25226635337227193,38.37224303336834,0.5521494871299478,1
0.8462282483284952,0.6339103882624924,0.39853954965157573,-0.19527170026308283,0.49788129952304555,-0.1296946464463973,32.900892678179254,0.37109832254478997,1
0.9662333139207884,0.2962069944491,0.8876128855681195,-0.6504346596994401,1.0766294758181296,0.24127300627156947,58.13120216169002,0.7750426683193684,1
-0.9323571194466674,-0.7224098907653554,-0.6069383655968924,0.5141378349253531,-1.1971898437146182,-1.394950905578036,46.101054219605686,-0.48602922854538244,0
1.6622035397055914,1.1346085545011475,0.8334852106424954,-0.8837144845728702,-0.24822423729215848,-0.7734776135801411,66.80160210183615,0.42625106283290465,1
-1.5362707822028765,-1.3420393467644935,-1.058419224755686,0.9096898680051992,-1.1413424802869878,0.32544149335041866,56.01020284374646,-0.7390253925195287,0
0.7235708370033604,1.1053777612377638,0.8730580102645956,-0.438679405792836,0.35605164156065344,-0.05393745928429608,33.61675911166643,0.7900248123727058,1
2.0359067810658127,1.9606094779133727,2.042623094850673,-1.3853883077220506,1.7072729924980359,0.11188905393597662,67.91426269014643,1.8828404869162716,1
-1.4704442083024523,-1.6231082058172708,-0.7580807722559098,0.31150421009002327,-0.5827798068565012,-0.13413658734365028,40.342290545609835,-1.0229210919355336,0
-0.7227835422398109,-0.6377987850727996,-0.188580096533125,0.6600688756924742,0.10475716251007874,0.5031986336222347,43.48849961625143,-0.09799491029359825,0
-0.2433267847471628,0.374891273837284,0.49074542590399484,-0.055219850695480584,-0.6090265428794783,-0.006948748495311852,46.09041654734168,0.1795805640348902,0
-0.4241921659405776,-0.013888790561050746,-1.103716509463279,0.2701343289689034,-1.5394327347191998,-0.7230925370572586,32.04897185617253,-1.0176236835540595,0
-1.40157086757625,-1.8580508296792368,-1.1751693628770106,1.067617570902003,-0.7880861616503472,0.32701678572197157,49.86061688922419,-0.8920209787181822,0
0.44790412527642776,0.19273778061515776,-0.6075567727150497,-0.055508211360115384,-0.784060317354069,-1.0711212924269904,34.932739643011686,-0.4982045355566096,0
-1.3387973177503882,-1.1786313279211182,-0.6261184461650311,0.3973723389192883,-1.1573224911824869,0.5152855290885299,46.03881306753407,-0.7025086751961401,0
1.0155287578172034,0.44710534205914765,-0.530406207569301,-0.032527055953979866,-0.6228367157785034,-1.3122108868935807,44.02839151968337,-0.44959064519702224,0
-1.0587088439199301,-0.25833839747954446,-0.5410295999616906,0.6518620904177859,0.16587791318563705,0.9415840804005687,60.91360333706014,-0.7661822230161657,0
1.7587954946856355,1.1741918229187511,1.4954529832096308,-0.9963536574228025,1.409392153574597,0.21668496792158565,62.126820465309244,1.5011885149078452,1
-1.1239247498657663,-0.7198183769625938,-0.3097710535736504,0.7385872587501745,-0.5711766445185992,-0.2104470664406926,36.13651529556352,-0.3043621994368531,0
-0.47721472539324916,-0.2051382232643173,0.3787573621758217,0.02121056983191283,0.30025978356927974,0.9119658033437873,44.66204749516905,0.5456537467005136,0
0.859767615281235,1.0849637986045066,1.0246400604838182,-0.47476767235172307,1.4982477509845635,0.8165287674501979,44.934126441273264,0.7656377139920368,1
-1.4259123130081,-1.2063685280662313,-0.685549625483353,0.8080768033240099,-0.7189403318966384,0.7321584289538706,36.0564177574434,-0.6874323793421666,0
0.3211241158399147,0.304472569480155,-0.7445097078136935,0.010132200820408166,-1.1483337909430196,-1.2374039184603238,61.93814020204762,-0.7856706089692088,0
1.569485111184938,1.2092306124269803,0.28704621895730426,-1.3404454120679987,0.36899485717454444,-0.9756871394203022,58.28913313341693,0.4192240724523237,1
-1.797898430549568,-1.5402014992499506,-1.7617674573106876,1.1054194041446053,-1.484000010125378,-0.012769200959089788,37.61527145188139,-1.6393885701797797,0
0.5787545126746674,0.09883578965795159,0.08406205622666138,-0.24980783212940527,0.20454796581577453,0.2771501283141104,44.66887634375196,0.20037183427569746,0
0.5967255937305054,0.41527576671243627,1.168973068914887,-0.09546536584706536,0.2069629634117776,0.25065261929390437,34.232200994260566,0.9171366290437959,1
0.49271805559780135,0.6894202877664019,0.5432310069464019,-0.4532671727704768,0.0964699173002033,-0.5737667055599128,55.12826388372176,0.06655369592611765,1
-2.250517193524285,-1.1426756124025352,-1.4518341842257136,0.7243403186502522,-1.468772488405171,0.13757073594555366,34.854876981944784,-1.3481218701491497,0
-1.3042519623293496,-1.3277723165055209,-1.6599963259684607,0.7818848563237846,-1.3900292200595838,-0.9998505367191899,69.43736674499671,-1.6468185199457612,0
0.21626626921565079,0.8034541283099397,0.5315552764872481,-0.3874921696432942,0.45320280476157443,-0.7243139715146469,61.22728298751449,0.4586025297506284,1
0.2889519873120182,0.2841362423360645,0.33115459903155603,-0.38721771672627187,-1.0634977927966753,-1.265519104223543,45.609541983359804,0.043399862041924586,0
-0.05044248740275603,-0.19276526670584382,-0.6196447268044603,-0.006948256151688148,-0.5418486119024617,-1.2476417226027077,53.14255729117418,-0.3415029976408679,1
-0.12485627987763509,0.6619285846754737,-0.7928477692409688,-0.3163551867373722,-0.45244257263402954,-1.0694743174301562,66.45367264865635,-0.6921357759254289,0
-0.6535908474327525,-0.9064577967941455,-0.4410819980000402,-0.1053803387593848,-0.7196897026420226,-0.8429665635451264,52.163971215833044,-0.41043889725178195,0
0.5064509846839983,0.0688121124987986,0.7473692992993102,-0.23754199933706371,0.6719079659454115,0.4246899619583781,36.979939455918206,0.7664423319619301,1
0.17873384774040166,0.14415714978780822,-0.37648214912687405,-0.4128594954778713,-0.5575100771049237,-0.6584658947462214,45.14813422324637,-0.12722843994267044,1
-1.6345343892751143,-0.3707418947336635,0.5704252755479559,0.1737908295262683,0.45298873265783357,2.2848738380426523,63.72579460118982,0.48084173386183215,0
2.075056078897963,1.3318559576500828,1.0857998986775734,-1.553527485445844,1.726353062679533,0.4514129404209336,55.768520639584715,0.7686898539660793,1
0.686140706714909,1.258270054326786,0.5013967302777067,-0.3098013502716572,1.0788991769438883,0.06685185515365659,56.02897537335201,0.07139329751362478,1
-1.8732376672754167,-0.9272892949361357,-1.3171699077019436,1.0996406136915002,-1.3252847524213118,-0.5388256862070072,64.67285942753956,-1.256804372953688,0
0.8428723062943424,0.7123633371661197,1.1483032413953922,-0.39695063127068475,0.9059174403656531,0.7303029936463659,65.75892229850018,0.8526153058564909,1
-1.1742109590246843,-0.9884051703813931,-1.4116374193874601,0.560976491515977,-0.9797692551830599,-0.3836593685602971,66.79170287117745,-1.1784803158808819,0
1.118288974371269,0.8584731224568662,0.7828862176473592,-0.4597783835855759,0.6601917404094753,-0.10854521089240107,33.79396773012624,0.59642390877265,1
1.4261888053331309,1.2888761861022386,1.7891424485963052,-0.9028349673489812,2.161093095538791,2.117217821992831,51.76504007852404,1.658357675717145,1
-1.276739464286519,-0.6593784218641963,-0.7004229197041043,0.43555754901356836,-0.42616370389526115,0.22202224292664985,59.620380848732744,-0.7179561360026265,0
1.5150228055925334,1.102277245745184,1.0581439501252525,-0.9052358241176222,1.4798245496381732,0.7702613963756081,60.27707380508055,0.8880141242358762,1
0.44777824041570696,0.43517609725031053,-0.03219798755557271,-0.6393124102058927,-0.1070361842930615,-0.03805630531760218,54.268648078800155,0.2094291992171411,0
0.9782808301404085,0.7727255549176585,0.42711412935918763,-0.653426853308032,0.3029422175142155,-0.15939852589391545,36.671493407346965,0.4314120527463028,1
1.9961711914627778,1.8589746617405694,2.6107748111898537,-1.2961443898737368,2.8761274979521945,1.424742261843442,61.89682215766658,2.2071510811736625,1
-0.4274504145608977,-0.29411518609104076,-0.21410079252069086,0.1524469471990314,-0.3608104980748803,-0.669695045231798,58.80445334059783,-0.30237456202962265,1
-1.1699242114370576,-0.47029364014072345,-0.02376929571019329,0.44442192946077086,0.3562907603198493,1.5057765553776084,33.445430861961455,-0.1468501806966597,1
-1.1193011335276548,-0.7411252490553079,-0.5059908139927723,0.43351088859851006,0.05806279515872392,0.13064612520556163,48.55239298697505,-0.6002148424842461,1
-0.4654597979158229,-1.5509074436315085,-1.393793391216665,0.6927164378128005,-1.0986090307762013,-0.5864838704195945,36.95909598087214,-1.292925755690745,0
-0.504092394176332,0.08687348471833604,0.09366856274747848,-0.20945518739944408,0.08701731361942333,0.23289589115727494,43.499081828518875,0.23075144608421963,0
-0.07468604958304964,0.3898360234963376,0.680997172073148,-0.0836007996029556,0.6114857156444348,0.8118781466744567,30.723243688227416,0.5344699420037221,0
0.7733800574441054,0.2720136102185447,1.2839836315928883,-0.3941269633163583,0.049283510901404814,0.746059813650984,46.01319473643033,0.8214314729777088,1
0.9298227956976687,0.7300536357638023,-0.21721507155601016,-0.7295153217958237,-0.1802846810317942,-1.0946782291337274,51.995076846248416,0.1690010477893481,1
-0.18511955134448654,0.2940300718744104,0.16010000398590013,-0.3024583624376703,-0.9758743500879958,-1.1746245808746179,54.78330371308347,0.20007804161704773,0
2.056212298807603,1.6904156926880314,1.5082308472607258,-1.1177542833872491,0.5731062271573562,0.31250250479076624,56.539613805148406,1.000607540068983,1
-0.49927286180660646,-0.45787625019385836,-0.18377360020713807,0.38032227496216503,-0.8658290851120548,0.01427324187518006,63.4516525240984,-0.2445773456242321,1
3.8120059139716234,2.821932238370753,3.224007234209468,-1.8009927989239416,2.386709225635353,0.30241289291729234,38.6185162910292,2.762583425643731,1
0.9541785787197881,0.38275316412968474,0.745812655143866,-0.24228272102989729,0.5307749733021453,0.18144278049433826,34.81927289753872,0.9748591755317615,1
-1.1749624901432498,-1.2020620976135152,-1.1888317855583161,0.7044387986781849,-1.5420836464941816,-1.024228031342408,64.06148687591703,-1.2321295093763427,0
-0.6378785336936837,-1.2275718042086037,-0.8276603037578795,0.5288907829367048,-0.8878239713434293,0.13744610156687967,36.264512595705995,-0.5083031143230082,0
0.39725242139082084,0.698070783338875,1.0455301365579843,-0.40388853553574117,0.37653563257169087,0.5379477630625774,68.99040325344781,1.1685979014687553,1
-0.04552673078822897,0.014818476018170768,0.3517404425224152,0.0003841239046030731,0.3075881388282079,0.29596428643975503,63.70152917594548,0.17324851512913886,1
0.946588367032458,0.8422718491164152,0.8872095486558679,-0.23368536505665632,1.0188032263892957,0.7635340822711918,50.03506423558397,0.698625392585441,1
0.9584075363078932,0.6545115712855442,0.3637085655561218,-0.5706240664867437,0.9501890076203444,0.4955679397003522,69.25685699688101,0.10189043124794944,1
0.38105866382980846,0.05621565912186682,0.05723181908149207,0.2297197767376331,-0.04468824279285932,0.0091762409478362,33.89506916432017,0.007954818003207284,1
-1.0065512169623558,-1.007164116874143,-1.0301922001643171,0.7713463766696372,-0.6228758925951672,-0.01967345161307165,42.12263044700407,-0.8829813650082557,0
-2.0438420307268927,-1.4068665885173794,-2.046804248008281,1.4263170976233228,-1.7417285674291743,-1.1824438876837087,55.52897660162446,-1.6078536111905646,0
-0.3978262995986903,-0.2464125707601005,0.14121527119795713,0.23062314792101524,0.09873445754712068,0.4724154743251618,44.000274738927146,0.33806967472235294,0
0.8243639422625348,1.0449716267768658,0.7166434932303326,-0.4570147241103981,0.6431875625755268,0.3711314628892975,67.13490207923167,0.45952775632145326,1
0.8609286672142317,0.5113220869988647,0.2884688902018605,0.3064647464166258,0.40067730152165526,0.29834812226001584,32.6250435271127,-0.1482664561736175,1
-1.4539259351295644,-1.068662816911722,-1.6144575107263945,0.7484888097116522,-1.7725527818852405,-1.1545802352104735,51.97647328243858,-1.3765378399726835,0
0.09822064562778579,0.2610429777365777,-0.02203051823565577,-0.4282346976022994,-0.5163841744481524,-0.6549292662188128,53.63465069580458,0.039981565493420704,0
0.5177849474340767,0.6528549393079437,0.093979982893733,-0.6457241725917384,0.8231964311518186,0.5031428977058392,56.109124951088965,0.12976652299668137,1
-1.4647668103002685,-0.890487751013398,-0.9933038425532706,0.7612426111130594,-0.7359267312304602,-0.2568119687134441,40.22664893327258,-0.9096429156720888,0
-0.10701408441856194,-0.06674355686140154,0.47433798198386673,-0.48423761577358626,0.5878222538049732,0.30415054004228836,44.58265710079458,0.42813770461907363,1
0.42997463451852747,0.017441977460058926,0.4237388839816427,-0.11520991349978449,-0.23736004536180855,0.2926687156891965,63.747221186599106,0.6632670130548458,1
-1.5686326410881666,-1.3291959590322353,-1.1643415465011242,0.8875418458892282,-1.1441376877725136,0.25950204013161504,37.797710758806396,-0.9133434807334537,0
0.11527153761335807,0.1889927916046879,0.13435633489129184,-0.21341604487781546,0.4147480376974478,0.8724533540420469,63.07471388693448,0.03952919965698118,1
0.8339372574000671,0.5246548586893549,0.4842016162343023,-0.3074601956209296,-0.36911977350536146,-0.14485331627094983,52.50621691610969,0.31153181037995775,1
1.6553727382092314,0.8849462629252867,0.8225857129864538,-0.7136778990625231,0.5047760908799039,-0.14292407405021032,60.48750044776328,0.6652273845029396,1
1.4802484556414035,0.9768116696251429,0.40661173362228736,-0.4818882737617534,0.5608251178443906,-0.2826714509987889,58.54429465053886,0.6729679659450722,1
-1.3543889358067642,-1.8510730346955375,-1.6010045390482754,0.7739052814222043,-1.5617860170747728,-0.3788905890416435,38.30045981539516,-1.3975140000962736,0
-1.3524285744689855,-0.8845016130718881,-1.0230689926078211,0.5210785002488796,-0.7347877147481968,-0.03561717280368304,52.75250945735492,-0.8735675126207895,0
0.19149912062783853,0.5153366360492159,0.37096184977981517,-0.5150565761002266,0.529970838012491,0.14890095916892088,64.7089261122037,0.2188548581255823,1
1.0669432366812965,0.30951379314516114,-0.39076190997412374,-0.1936118032660241,-0.49246097384534593,-0.47923461943330214,47.28464947207718,-0.11235095198961223,1
0.5212532719146168,0.6798591034141492,1.2349652269709912,-0.18045366273522076,1.336232115340155,1.139832030099064,68.66363080893267,1.4416878938742774,1
4.548027883849151,4.087124025061361,3.4920779330850644,-2.606666979594603,2.5960238303368515,-0.4966435499777949,48.08860400406872,3.0583888530085823,1
1.0835268553865176,0.16900054460092345,0.6345093993611584,-0.1629246241072313,0.01788609407260383,-0.31658361404078766,35.71142546671539,0.5558875702140698,1
1.5295477710369167,0.9448844455390454,0.5048109517254242,-1.0305041216016952,0.7138930580394417,-0.367053764457434,45.57738720310693,0.43644587560145753,1
1.281568447816325,0.7617161760463778,1.37694528070112,-0.3343564121350141,1.3267385820093818,0.892972149072573,68.06809625562148,0.6935421308388028,1
1.4311702050372828,0.41641547602858187,0.6629176422110107,-0.1513261515716069,0.635777417410794,-0.4672714331639751,42.788833973594166,0.7125101687363226,1
-0.5713785626824576,-0.1079005341574085,0.30863381247971594,0.36781287069739127,0.0033052681144319918,0.8755905394283401,64.72392639468251,0.28917202380692725,1
1.189115103016292,0.7105126858000665,0.28935029584457606,-0.17491867259107519,-0.8600412442126056,-1.0362219593659197,65.25002726727558,0.3316161616000346,0
-0.9102863199759608,-0.8389539248652245,-0.8089747263696598,0.20965300864074538,-0.5342339082655142,0.2791569149670885,44.00746097327844,-0.8299209562309517,0
-0.20360464442903356,-0.7377841978416972,0.16731423910743498,0.06088339746547583,0.3190458384366048,0.22431420706015792,33.33030632202529,0.0653257274459014,0
-0.12389572947116462,-0.32650904027679684,-0.26672947595145113,0.19269379134398193,-0.4339561753909543,-0.021885166098779288,58.982316366352734,-0.3089250418593681,1
0.2505996941504742,-0.2279404593270456,0.9366255721178607,0.08698396718104287,0.3454846621121848,0.29779736003951074,42.46049196055944,1.0004563331147893,1
2.9390791037231003,2.3296417242400906,2.087629291913426,-1.8302891445918852,1.305651136305567,-0.07140548316675155,61.316944570302894,1.6987329308057935,1
-1.918966029917157,-1.7979209581022002,-0.8800826910456857,1.4585846646817207,-0.4740520045582428,0.8559643066189424,47.70619393041733,-0.3315382229668733,0
0.7140264095865506,1.0264248393341762,1.5623414091635708,-0.2062749044628167,1.8805661079156744,2.1529694012603744,49.41066969370486,1.4141626815920427,1
-2.187021945629284,-1.9399209709694296,-1.173441964685499,1.2679416898495561,-1.37248973047627,-0.05380343743069088,61.11637626994147,-1.2525622019818203,0
-0.8797609971536302,-1.22680990474464,-0.48001084898294966,0.38710251078490365,-0.822284972318808,-0.581549605254633,45.294533242465114,-0.43371848028589854,0
0.7168337395480389,1.1349129831557898,1.3030829550656386,-0.959840086057306,2.040259008410993,0.8795113438772245,47.72509381291658,0.9772854873745098,1
0.693998161896652,0.5144078144731762,1.1106918665157586,-0.21436620659189687,0.6431013007935904,1.3512502706811544,45.047618750784885,0.5052115925743899,1
-1.6242562432316723,-0.7680081896944468,-0.9697433292359746,1.0043451256098477,-0.9757565106129251,-0.6293690310183824,44.6936206110912,-0.5043876418278205,0
-0.9247405381876934,-0.6628888554413118,-0.944761271510859,0.6565823972630442,-0.4340225443145021,-0.3105282931371339,51.03786307605837,-0.6624185723402294,0
0.7324733087549348,0.556688702526664,0.35507624027723234,-0.4835223281297819,0.48489997420937114,-0.34613458479013537,62.35197778004603,0.40845626781551003,1
-0.7842179487178338,-0.5285859825578091,-1.1061375094169053,0.42767473304881753,-1.4152025485278679,-1.5208500124438302,44.47073247690263,-0.9071361509444286,0
0.5044714712601588,-0.0269279603441423,-0.03369260938962654,-0.5566825873296578,-0.5473363397029315,-1.2925385619684735,50.97018882150947,-0.3050422317196701,0
0.31282825439250017,0.1646612822428686,-0.30145397109803285,-0.24607077166955743,-0.2574792848095035,-0.7466415512780051,56.82909301770403,-0.3529593033444153,0
-0.956843648697662,-0.5252328078141604,-0.8001667368540213,0.8384040607520167,-1.3762712773453418,-0.7546274886659592,40.7775778521462,-0.5117855713691155,0
2.5225963930544673,2.4089965662000457,2.425662937810995,-1.7568519767282211,1.2961098564480327,-0.166020364137958,41.100912196095706,1.851569491182845,1
0.8454768119281034,1.3238340320457807,0.985675958771284,-0.4058473513783917,0.49670077661290446,0.361337745802663,67.3365250809382,0.3314707017054287,1
-2.5047784418441927,-1.9270385948629154,-1.1452374534867085,1.6190886052993647,-0.21726051705115995,1.5337609634093727,58.941382933243545,-1.0188730370198873,0
0.7059488505293109,0.05921340834255295,0.05086044122721345,-0.38150255393905785,-0.345241397553935,-0.8668194129314851,53.08746704893235,0.014879864237623712,0
-0.6468512722305901,-0.6681800428163865,-0.5116360299591776,0.5001926202940882,-0.1961601370434144,0.7023082420538016,55.90880217682448,-0.40777794218235913,1
1.243383337570414,0.4101643585739444,0.8009725786104407,-0.40912022685522575,0.4178393829463915,-0.04615531710193624,31.171977724136735,0.8265304205217818,0
-0.7521605055190169,-0.9661990212049651,-0.19026224353047083,0.5572643812843405,-0.8083657228448736,-0.37880486014684017,54.72411862246787,-0.034201744554658464,0
0.21435842748531864,-0.21705705099517503,0.10125123092872028,0.6539961201601829,0.10590266652972746,0.5956438574202073,50.380354928968075,0.13781750733819656,0
0.6602912023876607,0.373965179496809,-0.24889043612823347,-0.6872109470619591,-0.0012258861350025185,-0.7602061242943003,51.82998719117742,0.027549406908343427,1
0.6498566486173917,0.903843912178552,0.7365169066488114,-0.3942829299423092,0.4672393045589699,0.4759853490516478,44.376953073232684,0.32224541448882676,1
-1.320449302941139,-1.4059013901513264,-1.3405757942676928,0.8056471374597505,-0.3177167236436864,-0.35102640905517135,33.25895590851768,-1.0385730622320608,0
-0.5968085511466867,-0.05424356900983052,-0.3394991790919049,0.3885348960559989,0.293063738579565,0.20362219375428411,37.733569344482085,-0.1632666295607307,0
-0.7285193779180744,-0.4748935449314069,-0.422935752058742,0.4207231481525185,0.1445507041550831,0.011769101920387826,68.02978852850687,-0.6074078464659787,1
-0.6080858734619262,-0.6556543128583655,-0.027546359105575624,0.310699223379599,0.844301305908675,1.9892118505310186,46.34798249083736,-0.32398852697621716,1
2.490030009767407,1.6834805611528674,1.3384983227373417,-1.1900186897048997,0.8964644739363004,-0.3900058424590568,48.66732623323457,0.9885351490316201,1
0.4923595261739651,0.4437793819257003,0.42276791000012703,-0.6550674879523263,-0.44480743413778745,-0.050619962139958785,32.10839159413756,0.2270444349970496,0
-1.420410841422365,-1.0546093881681364,-1.6563786235155225,1.0032682681488103,-1.4769460037261832,-0.6222537912318298,31.502649181759224,-1.257237937287708,0
1.6120988198563027,0.701079393127051,1.0596700817777274,-0.5828716697402381,0.5032066430878745,-0.5687748199055073,58.68725788187031,0.7778118127728493,1
2.6188133902617303,1.9576270747438191,1.8082233529470413,-1.3577773041802226,1.5980037899099833,-0.22249169712552747,51.52378656484445,1.3657201463487443,1
2.0194632469154947,0.9565337533569807,1.71399952262627,-0.5111020173683727,1.1556118190371556,1.0253574595186177,50.34823936865067,1.3345728468934177,1
-1.6535910654553527,-1.8558376968223171,-0.9965816363183111,1.1370829442097514,-0.39687670676717707,1.4533162761888774,39.72498121690675,-0.6233679240397221,0
-1.1093097151862468,-0.6890485377966258,-0.4077516149594321,0.3685817349660312,-0.7510130969691309,-0.384415034247122,59.79002926519689,-0.34398019784012684,0
1.746295865355307,1.147855930800458,0.4796976349076751,-1.0630514717628943,0.032033257369684376,-0.9551636131617007,36.72946316433968,0.37189278460014147,1
-0.7348558432777035,-0.48907217044059886,-0.18126204625138836,0.3529244732033363,-0.07049799285472294,0.043850356414671665,37.597389746440804,-0.1760738390538904,0
0.9195091400002977,0.5094597603967097,0.23010006955727647,-0.07332667566689366,-0.21566635498169412,-0.8296564976895093,48.42848685393102,0.45399712598898956,1
1.1315152694961916,0.8230315312712229,1.1163187411840425,-0.25497675625934,0.9021175253722019,0.671858412894027,41.45119448447764,0.7990365846857876,1
-1.1538533610888317,-0.7142059810360899,-1.1057465977672103,0.6012292428422472,-0.7090288527463456,0.4594876224527918,39.89851924932586,-0.6767829499141079,0
-0.4387198981609698,-0.09386830316164924,-0.9283914191374942,0.050868298693914876,-1.1908920377605914,-0.7502547566511903,55.809505782133265,-0.7470334464825693,0
-3.9522277852686947,-3.14365112758685,-2.1189700600541252,2.0879642630495976,-1.504560879897934,1.4487804941448594,56.03886980874178,-1.8332084274410758,0
-1.484421305863938,-1.050193079567414,-0.4881022092299124,0.9516227179874918,0.2445529992861889,1.7274117828601638,62.98068279199717,0.08529322174143078,0
-0.4772388166132091,-0.1862275640432532,-0.33346492481786183,0.30988107071356796,-0.6686566925191015,-0.6352350355509302,46.70834267891904,-0.49457308405490186,0
-1.3207662970316365,-1.393472846367745,-1.6882268296808318,1.2616917146681446,-1.3869968089393305,-0.5992652021347515,32.92340364104601,-1.5057299571421083,0
2.459864916023384,1.022707014362528,1.837968593628434,-1.3183525281880923,1.4916851136185563,0.44121214568431233,40.946655396858304,1.3157870567513688,1
-1.5977681946058648,-1.4637111685072086,-1.5231015186003123,0.9254973847687994,-0.37584677893057405,0.37198562004947017,69.20021852787268,-1.1041438967030315,0
-0.8868183026469358,-0.08435745267199873,0.033067652345703774,0.35432032519300305,0.10705936843269862,0.5536965117234875,53.850343009308084,0.365945291224184,0
0.2902694932093518,0.36229442784648946,1.1094376151578222,0.0377795034448902,1.6030136206977168,1.7050065011713273,58.38948339204081,1.2770065291650767,1
2.088517392873034,1.6826226602139083,1.0173355236330117,-1.0520248298558073,0.5577200527571182,-0.06076141138068805,30.29431318501658,1.109524945717261,1
-1.9059694527111417,-1.126829470727885,-1.436986863751459,0.8305112877348674,-1.508546528319521,-0.31768358066737273,50.728229287300834,-1.2609629277479333,0
1.3555913525840761,1.185328149895319,0.5732523647337197,-0.6379331207237574,-0.2844292183838166,-0.7797089862073828,31.501146301272126,0.41421631452569235,1
0.016686131642263586,0.05956198787098595,-0.4448148179169608,0.1370639297954054,-0.8739607064600315,-0.44868894386844854,52.76920848365792,-0.7123265497282297,0
-1.413279875182213,-1.1359216249065385,-1.1991749803155372,0.5038012356208207,-0.9778190942479523,0.18494913984169437,66.83083398544301,-0.6121240262318481,0
0.7490082992690825,0.3830852602565083,0.5449285647422851,-0.052383871763190315,1.7808821241321975,1.5641619289204243,68.73676522001631,0.5569848956606359,1
0.20258719010582954,0.3530024830162554,0.07700422059156256,0.09469795493789174,0.12373274085929337,-0.5293814722375919,51.62210701555696,-0.03293779347106844,0
-0.5944005194184453,-0.29924576786659063,-0.9201208401959724,0.4470111134607148,-0.242988470269437,0.36817153003940384,48.32819221008864,-0.516491336369183,0
-0.1824851513526073,0.03494051606976903,0.08485597789430865,-0.032941887017805954,-0.4173123418681163,-0.3617620840730171,67.80068376993975,-0.12242532214183782,1
-0.5936138063311354,-0.4978609130746131,0.04954060737897466,0.38053107202641356,0.36516657100614924,1.214187506832438,56.9443932798678,0.12343392311666328,0
0.35293522164982905,0.11364933496539736,1.3166814137070306,-0.2518027557271253,1.6918074671331296,1.7229152057573889,32.59597118153638,1.084653374792809,1
0.6827068637977258,0.8124323617533253,0.2929564480538545,-0.4574851763319162,0.23073761101217202,-0.35324419663757334,48.629023106699904,0.3767484088218365,0
2.4213093347444437,1.2250531121119665,1.1328050216194006,-1.5406884802235825,0.34271087155385704,-0.6028400436211174,39.609800738572154,0.9501695605392662,1
-1.6052694542765995,-1.8118607371111586,-0.4768083868300468,1.0417619782793814,-0.5689604522846552,0.9736759474238643,48.792172857947264,-0.6954727070277846,0
2.6270454673130854,1.9953991622833707,2.2930040417664,-1.8054220067477584,1.9896865955233718,0.537031885219072,48.21862288025447,1.9641687100354475,1
-2.062728109865075,-2.2572659060010416,-0.9233493021210049,1.667145425351551,-0.19515418134509938,1.078676871047994,53.28579211258968,-0.5750740784277817,0
-0.6076518339226095,-0.27882014444741104,0.23774496554091848,0.04022554773161825,-0.4223202564110931,0.5723174560153909,44.27081961397005,0.19623993953898367,0
0.17773800418725905,0.5513721267802086,-0.07490298744083662,-0.45415544092543897,0.17702545774723916,-0.4319138668378253,36.57081797823712,0.0913554849931061,0
-0.12050665308898922,0.16767976547927932,0.7161912172345477,-0.322241088631424,0.6080514301803458,0.6928105447571897,50.14877738359825,0.39965663751455494,1
-0.3684641927565579,-0.25958263620290745,0.06679250259870931,0.3782818890900004,0.45308110503916316,0.887294286649928,63.20811537383048,0.05152146855493248,1
-0.4153041441964643,-0.1264360592066952,-0.1641220914155512,0.4293918442797,0.544054896221693,0.7552409913049007,56.56048912270409,-0.26440586872093397,0
0.17585866410987627,-0.41788234475612573,-0.3140153708522908,-0.15246107704583295,0.10938511331289558,0.16642698613203524,43.53471463700863,-0.11751689720350522,0
-0.8765119879302703,-0.433812970933361,-0.11555059170241815,0.6679484070785856,-0.04200090596524661,0.7060066938144827,67.42092091035428,-0.09191969049465626,1
1.0748879073843407,0.5648938175758323,1.1920110881766715,-0.5271167716943757,0.7663782858961797,0.8207768133312672,66.48830284996728,1.151224160217493,1
0.8910515689284195,0.6167934328201146,0.9743355237541139,-0.4913151697469762,0.9791411819778814,1.3199028128906607,38.37393597536395,1.04572728042257,1
-0.22966364786504812,-0.7118506668945191,0.06527535385062339,0.26997423807261034,0.17003328367086296,0.9383121820230864,31.57670340481452,0.19380776579730755,0
1.69797092351082,1.067220029743554,1.0673226740650326,-0.2944413073616348,0.9924654166421549,-0.33498740218920253,59.65234833403049,0.9618479598140065,1
0.731269294229874,0.03933521261657047,-0.05841071466714437,-0.4042110406021728,0.5316675832067863,0.3865829853110784,63.10441045396613,-0.24929155916935378,1
1.2826533003501908,0.424422427334944,1.4008004906502216,-0.7996735853064639,1.4623542158747544,0.42278781877525995,68.71458263805421,1.190123194919308,1
0.9333126950686896,0.8341012564298694,0.6385716851969795,-0.21327728087358266,0.09595212336615717,-0.9520958870628612,65.59345576353243,0.43616785201426594,1
-0.7612856902564954,-0.7348926293976932,-0.4825836300739437,0.6480070829026334,-0.5673778968960477,0.055244033051627256,54.02139072825659,-0.4790088769036975,0
-0.8375729631349235,-0.7856939287863471,-0.3342043335524268,0.2045416128305989,-0.6951571556102296,-0.6527982222220692,51.20209356849523,-0.3589805136696129,0
0.651292661121222,0.5298778348045883,1.2877433074950924,-0.47978052850535946,1.0784379553512362,-0.372901239099041,31.11364205050345,0.8985966964143797,1
0.7314319812968721,0.8917289615371572,1.3678268477651323,-0.6324097225314809,0.9420814149019149,1.1260112181202884,39.86625787379111,0.7711851027735643,1
-0.07613729951445629,-0.3182545671809801,0.13242077133274666,0.23479539545942474,0.5834168825517863,0.09936232998395733,48.384590069317056,-0.02107095403271872,1
0.004824445172355835,0.5279956216227728,0.43769580646578937,0.13014502465847932,0.019249020027658256,0.13200058792619648,55.14015600334271,0.41071732588075277,0
1.7421141091831245,1.0525097121264577,0.6494222997466822,-0.7879641872875087,0.5399646199818906,-0.9152667412535571,52.290073332736426,0.28237354569918177,1
-0.4232941040318427,-0.4319734074337342,-0.22674191055587203,0.48643218443448427,-0.41797090485980154,0.66340710111491,59.70543958726762,-0.18959417667816636,1
0.6830389232915998,0.46494276223279174,0.6451570447953445,-0.03073054184555174,0.9733848049115684,0.6808281389504538,41.19067723548163,0.9284371729382358,1
0.20062784139590567,-0.05139579466330829,1.1523525097813119,0.1414721221813709,0.9252773038735689,1.7132207070838008,52.59810430609893,1.184110944364563,1
-0.6037241781127158,-0.35370970375576843,-0.5645529766682991,-0.08399798282510607,-0.772508000969472,-0.5429709350388369,33.52568973563169,-0.1511617283439483,0
1.2604343846007127,1.0580786254691166,1.5362696152574815,-0.6792490138245717,1.0211330483120395,0.4397738073363502,46.54662094332828,1.3840547483554044,1
0.7754529226047943,0.8356461428369601,0.9925874246956403,-0.1605820343841981,1.0715340085462661,0.05222891377332248,60.00643331818404,1.0772012755885836,1
0.41625057807884824,0.5629627720552703,0.943348131865382,-0.7724086438376174,1.3031217632805148,1.028063549120173,57.73603413716176,0.6570529659920171,1
1.541770362832385,1.4906848935093606,1.247107501381542,-0.9861277183468274,0.47222699779605515,-0.12071589486066123,69.62570948688716,0.9311733227699137,1
-0.011319642555674202,-0.10729954998513726,-0.4994958845178684,0.06858651847735919,0.15561236738628625,-0.00498550920785687,41.11564503951024,-0.9723995430676828,1
1.2723784885265959,0.6248029924599593,1.044568683101394,-0.48814804970762254,0.8499720356679921,0.38195961227587333,49.927571966959164,1.1251124754446447,1
-0.183076602545714,-0.5588541002455841,0.0609730132251301,0.02072601353995629,0.04376129471507245,0.2353007789159531,43.18121655095987,0.35989185720533784,1
0.08174357568736901,-0.3164170622103855,-0.06453051527622947,-0.0025448754958152797,0.2601429670453611,-0.27006145682889093,47.62412456236699,-0.16548638705424903,1
0.40005610465903496,-0.17789999501772685,-0.002428442984918386,0.5551082824608311,0.0010221505814728797,-0.06918552228776126,64.27800519477552,-0.052854517816627644,0
0.4827052666488677,0.7001498203959472,1.102996298562441,-0.028670883690121267,1.2735770180986807,0.7369790566506316,57.368363007539465,0.7867744310398825,1
0.8888177415648811,0.7913080974114196,-0.026688808149782833,-0.5974235757530395,-0.10227098720836342,-0.5526289883362874,65.29764765390327,0.05384522336818291,1
-1.0498100495351166,-0.8230357781670712,-1.000883021368355,0.2629623732527357,-0.6378116597390487,0.23047576875098608,38.140444333275454,-0.6257640591024536,0
2.223032959805508,2.0266645683833935,2.0475992428800245,-1.4130758967355859,0.6657477600697428,-0.041330392114203196,64.93444471365751,1.3919049616718127,1
-1.3188828906209582,-1.0004009082966905,0.16137916537944358,0.9249876357130429,-0.11628291486472139,1.2510693465752558,32.39049096713538,0.21905999670097748,0
-1.1304017494340228,-1.0774088339939296,-1.7009358118681146,0.9449655782504889,-1.925469686084405,-0.932476256687035,65.5439712174861,-1.5011297944317266,0
1.9551089399804642,0.8629076696728566,1.1221699578639326,-0.8111583796338182,0.821321485646539,-0.7941046154312212,43.16295117842912,0.9765233425776805,1
1.4129682912371797,1.070243117630154,1.265823949251715,-0.6720182161319164,0.9588192327309706,0.4927345879599724,42.58350533656266,1.167749157198816,1
0.6022889539267039,0.8029651459124661,0.9651721772791607,-0.6553165984801266,1.0535935438399353,1.239142522963245,50.483543067946556,0.7827558629327224,1
0.4181293811304325,0.8078919406912635,0.3936191032982963,-0.2728915912200195,0.48348529122772843,-0.19034565974295264,67.62760750892927,0.3138588671223957,1
0.027569746657063632,0.0973721618555172,0.13616044770691796,0.19132706526995735,-0.14084544413238892,-0.4021557862214266,31.911254587256217,0.07296134703995247,1
-1.6072370554518534,-0.892350207062334,0.45043817705154054,0.3189321027019354,0.9141628708663301,1.741228539205343,44.089239002829814,0.5769356908514658,1
0.18791578408790605,0.2440198671854313,-0.34211719973983745,0.26490460490052836,-0.545703731380234,-1.0332032225819423,64.26287954733343,-0.2070476277533625,0
-0.8568748297041345,-0.5292081780767672,-1.7529122290595498,0.5888274422372783,-1.5989008613126896,-1.9786632156315807,45.842179097418665,-1.4458586871531451,0
1.0303327295408287,0.8866095556824952,1.6497318736071414,-0.4026648843632671,1.013374268479862,0.5376262884408209,37.96627590388268,1.1480817483476136,1
-0.654879777982605,-0.2904578247263639,-0.4924646024365586,-0.16548538264552598,-0.2950319691111358,-0.56104026500108,46.99176725325647,-0.49431086071370567,0
-0.8365166041800989,-0.8000331229770149,-1.2519819383169812,0.3046832066716702,-0.8570111176609639,-0.7628154739634991,45.422100059666775,-0.8844508155015992,0
-0.5454732618821655,0.0658691962208034,0.0967966717789337,0.19517622720363603,-0.21585873210402803,0.4908476409701992,66.61664805866815,0.08981648563687822,0
0.14454269441766282,0.10315468536214911,0.9354067205709737,-0.18849513261389816,0.35114722080435073,0.14032400808305265,60.47737502972389,0.9270020064031553,1
-1.5381481273492645,-0.9306058692420847,-0.4767907568526015,0.753879351548175,-0.9930112176718904,-0.25970216082925535,50.204622229760254,-0.051969783259184554,0
-0.9949189461949086,-0.7810301852573023,-1.1276604653695732,0.7167700596595283,-1.271102000259523,-1.28429194889069,69.53482266886284,-0.7507901817223739,0
0.8241001327912179,0.2564091369559168,0.7072879806902108,-0.21911730340674526,1.0753064582822571,1.184264631193349,48.61110125103693,0.6198264511266277,1
0.7923376496948282,0.2883019872013248,0.4936047857743547,-0.37675044130928437,0.39475334909041654,0.0648894250433047,32.32951323281101,0.31736623386905605,0
-0.7454606874212373,-0.4459548758940047,-0.3284773489902181,0.6008603373036208,-1.1568042100368086,-0.2287576118372206,40.4909728725994,-0.789915665852865,0
-0.7459095848505215,-0.5268388692770241,-0.444147699945715,0.13678572878268297,0.6310372449075164,1.569862569323568,47.442819208772505,-0.4112025294484283,1
0.41909220165167066,0.6045157970081568,-0.30817120062952785,0.16325875480411897,-0.19397128717224238,-0.7099892714520946,36.2761049658448,-0.3271480196984685,0
-2.0372168415532763,-1.848310336116453,-1.841089395242453,0.9567821091268249,-1.8400893877928723,-1.2455390668827173,67.90260505296172,-1.4868527470770099,0
-1.5984189593060265,-1.6145880305716167,-1.8887848499772497,1.3033410565871586,-1.3422867983679903,-0.5678741316553813,60.67395591271092,-1.6362481678755998,0
-0.6323089819875162,-0.7442579112896979,-0.5489372103259236,0.6386972128885609,-0.6501827663149696,0.0661687082475059,40.731488017110905,-0.5306736406643939,0
0.1119433851110756,-0.6242443545003891,-0.15610802310742225,0.12201390830980141,-0.39779091505620623,0.1369041900937334,53.632181340716635,-0.48857160574275305,0
0.34304285577361965,0.2669439644899868,0.7099650953903192,-0.3215145702838285,0.24302733597204573,0.15530646819866256,58.85796628438288,0.415476765251758,1
1.7093253352863726,1.8907237583815566,1.9405486714247724,-1.1009309273339023,1.0674658576103546,0.49148159576933803,67.65115715627192,1.744796578871168,1
0.7657967718154548,0.8628812452760098,0.13153622047019098,-0.5146983977663661,0.547550082901385,-0.7830254516009465,65.26541396701643,0.45498731362620126,1
-0.43999034216807054,-0.10226330353375623,0.38830985119221084,0.1273882702179423,0.91745702747774,0.9134725024160034,50.607689045528545,0.3105582967642545,1
-0.09076311705368462,-0.3340573991958339,-0.07215932815196524,-0.10545093608185885,-0.23774735372874323,-0.08556804881548076,60.986104791720706,0.004226785785654212,0
-1.0928255855205171,-1.1566197166476782,-0.5908559383866637,0.6686442731829397,-0.26493509874206855,0.8187201780903262,52.4857901531034,-0.3117319162381031,0
0.2518596246791069,-0.11231223107337418,0.17893581136636874,0.02867460113850291,0.16386709384825354,0.022779933179796874,52.10815560182161,-0.010083347578636548,1
-0.5873440519082693,-0.36808741310919685,-0.3045761080328879,-0.22368577163886563,-0.014292624304358306,0.4554436213094689,34.58967833352767,-0.1855268831708663,0
0.8350688430935639,0.6431295090890317,0.17916901591590428,-0.13426936927892288,0.9189494210518758,0.32140238474080907,35.04550632064608,0.004195642262086935,1
-1.074014212575558,-0.6878081783710418,-0.3786110580200841,0.3831174155432646,-0.2958732207306394,0.5220178054764113,51.1813446008983,-0.1488545116188692,0
0.6168056287848759,0.2414820250069143,0.9133598420306158,-0.5942090406099696,0.5556540199288471,0.2466303171704522,40.75446179916027,0.80663647531637,1
1.615123191858746,1.594365107610579,1.6698313058572947,-1.4103861085239464,2.514177908378127,1.4930821773164005,30.841476098418745,1.4790469727749884,1
-0.8577842562301116,0.01579528866733869,0.2493309634981961,-0.2826463956537778,0.05113508993430566,-0.06686622888683932,58.913568156008495,0.055411599489748886,0
0.7472676854270446,0.686748981729258,0.4556687341748529,-0.5522877060917168,0.9573379489179825,0.6220285903709188,31.299463867606597,0.528724895970782,1
1.049225959181065,1.085279163353206,0.661184886236505,-0.6249049857238769,0.28129862497757063,0.1261762721672355,53.81107364416218,0.9789497375472325,1
-0.5658628333984675,-0.6549940198428035,0.46105166526627334,0.6715061578253991,0.6720896636786635,1.00943366480955,51.567751765092574,0.1903115763906911,1
0.28900819333996164,0.021378104007832216,-0.07895745660544672,-0.2620406724463325,-0.14443302253479062,-0.3279966807891782,68.75258762311218,-0.13506563964413448,1
0.16989264624938366,-0.3018020639468592,0.868131607510282,0.026735340706349867,0.5231137727039895,1.1334564468785486,49.368525573905664,0.784233361217358,1
-0.35155243880736475,0.03917113377208638,-0.08308358473006033,0.011723008317083547,0.6537448366632097,0.33090306428016536,32.5440574551119,0.08666019537861203,0
-1.086327543830448,-0.6564201902438829,-1.3269588213455683,0.5673198859419962,-1.0510290608856647,-1.141082765452999,52.06751871225847,-1.239824255201627,0
0.2676916129972794,0.27134380340621816,0.011543093533262043,-0.03264581412645863,-0.023913315203115695,-0.046619320063588474,63.64384682464406,-0.5567944285252753,1
0.2213111225437649,0.4790105353348191,-0.04819570483111918,-0.5876575565916637,-0.36581319818759783,-0.6196367690867632,69.8739713712576,0.2308715497263537,1
1.8294397090040388,1.3711817269813307,1.5892544176762926,-0.7256150158006869,1.6970123193805815,0.8747446565391592,47.213726947562904,1.5029674789416771,1
0.7441504499152266,0.997210324147392,0.13770866209660587,-0.31005024953206767,0.35388804180678957,-0.6682130064045223,42.8119496998697,-0.23153714331521802,1
2.723747943743925,1.9443967321040505,1.6120447143318575,-1.8437594590826265,1.4538774677737683,-0.5442861689275182,66.26613187807996,1.2487242488261676,1
-0.9315095201549044,-0.24496288246435616,-1.5318917469883584,0.33233757584435875,-1.651761891875129,-1.5670167341523595,37.64968516304486,-0.9884714990346393,0
0.562245219293161,0.4704053799411635,0.5273121196003656,-0.6665865141798759,0.5347289827828404,-0.6560855835917534,54.61715660131706,0.737774585351884,0
0.5694322132231735,0.22952715046228286,-0.8769931592482998,-0.32124696299888444,-0.8826293818560683,-1.4839674843177115,46.22857696723791,-0.5577161808252659,0
2.407386046821792,2.6957044880250822,1.318732250543577,-1.4316689425611975,0.862441467360414,-1.4087209065922595,31.643294598222212,1.085699926170068,1
-1.213033673530496,-0.806598324215152,-0.2794701389360982,0.4201543592672834,-0.46487157000276746,0.8162359214605388,43.891538972227906,-0.22095213433318145,0
-0.9474954514476484,-0.8872316009311497,-0.17907447226260875,1.0208165030878638,0.2504575693686529,0.681007647832609,40.60914090010698,-0.17839846244844274,1
-0.37467996970421197,-0.688754001146629,-0.5641999242401141,0.6576845706795347,0.29791442203444846,0.09423253680747981,57.44364615773947,-0.2539219789503295,1
-2.853421414865287,-2.168993644750409,-2.659256865747255,1.5292418131433076,-1.2274904587562574,-0.7750695918065528,67.95161990767673,-2.4355368171841887,0
-0.6124020710625218,-0.1825429030116285,-0.8048773856424077,0.5734257678404792,-0.7599912899176382,0.1578316099141031,40.72188749514551,-0.8453057087728875,0
-0.7823142437652656,-1.3120981393860747,-0.8308212873930336,0.7525729479590503,-0.498646415674532,-0.04994736504403136,62.45863756606727,-0.5041431769168754,1
0.38840422595039237,0.533752211800289,-0.433567863193383,-0.218065148144994,-1.206853084615066,-0.6284135148912773,32.21439267753638,-0.37740497481668783,0
0.46303963751575883,-0.014233312335376835,0.6779408790470666,-0.40247263195240457,1.3243007098069226,1.4580974896091865,51.52484040159253,0.8519432182807682,1
2.1412966553340667,1.8095077569072826,1.650663672249598,-1.2976909748571908,1.7690854143072856,0.9316185461251195,32.82200254839579,1.268761680016049,1
0.8922315396286444,0.8431127331113848,0.6301595365933232,-0.49296946183064627,1.1572731127892253,-0.2916855321319804,67.36131964522556,0.5246799340365597,1
-0.6664412218809712,-0.4297653382197232,-0.454030968464159,0.43164463869436565,-0.6489307293556583,-0.2484519407497471,60.65405122229561,-0.5704089201633258,0
-1.3997393092137116,-1.297945759319295,-0.5467112412838318,0.3134909735056511,-1.0555362301329154,0.013309345017343377,56.31799644818369,-0.4632320188065435,0
-0.28610213924057537,0.6074623380269915,-0.5411936089463576,-0.5049083088447225,-0.9974806646354508,-1.5843276595727527,62.95585526498657,-0.7557239550041637,0
-1.4533119071774703,-0.814155801198929,-1.410980185969847,0.9093686721955738,-1.731127666142981,-0.06129522763338868,55.900791822806525,-1.2968598422653623,0
2.468930971351083,1.4906652647061511,1.097509697415606,-1.2971542569632137,1.1897333619442791,-1.0884802495883508,68.75777588697164,0.6456324698176414,1
0.7064484142029929,1.226866662623886,0.6514163535787592,-0.4310996491469392,-0.33591682927288014,-0.80332430831887,58.55831791459086,0.6924885471801969,1
-0.8659299939386269,-0.6346711965538571,-0.7892267943058607,0.0512253679934937,-0.5120046404551539,-0.1853579279779678,66.98634438328986,-0.5275249072080512,1
-1.8700151566074934,-1.6066627275426186,-0.6508081214696209,1.300312018730789,-0.8295825266653036,1.3687631574007302,50.68527568042552,-0.8992394493460467,0
2.2418954899120047,1.358659318519351,0.9390623336754421,-0.649888040250131,1.303820656023273,0.8354927487675776,34.682576519274505,1.0649801327242403,1
-0.1312097020005191,-0.2749115725136953,-0.43944635837621354,0.5344678407613918,0.0644011689322187,-0.35149817326351973,51.127108856920685,0.1259536206641893,0
1.2669786919994137,1.3597843831912302,1.4333999950761016,-0.9473509030182155,1.38010627022453,0.7856142021051511,35.07491312252373,1.2275912731619547,1
-1.9681821228846923,-1.1433406313476813,-0.8200923633837782,1.2143852517000968,-0.6152555636336543,1.0654942191812438,53.6997391670562,-0.8253013609211405,0
-0.30678710180007196,-0.6471009708855976,0.6383260517008609,0.5335145875073704,0.09588789585060645,0.9740763194569463,49.299722421106516,1.107443262146341,0
-0.18749681407554078,0.18518318525522864,0.13351148508480676,0.03542575650792995,0.04511605835407583,0.45647089456801915,54.903015913311265,-0.1503089373384164,0
-0.1833808894773856,-0.27633764570304886,-0.5177085557465648,-0.05265545588318065,-0.21113751754676613,-0.18962605984629383,30.401879242193264,-0.43603097901076043,0
-0.6849016224297021,-0.6891745656837458,-0.1544088730126052,0.40224090793547973,-0.32867262442552675,0.28554325253368873,37.79361966621457,-0.09532308753432972,0
0.46142133633938476,0.7409515018175931,0.18508519324151318,-0.9424441696871861,0.880998862667873,0.25136928895180444,49.653217276485236,0.4263519383457691,1
-1.2443434204606745,-0.6965914222486032,-0.6269610232222703,0.8837481985803423,-1.074916879501139,0.6298633996597368,68.02014246356539,-0.460969074713572,0
0.316548155515316,-0.0534761478248785,-0.12398963294660395,0.12490122024729888,0.08535310153406853,0.6304510751146575,45.344361614206335,-0.20511796716230365,1
0.24127853998908735,0.042031124081110274,0.8027042373364915,-0.12870192155398227,0.5734712002400618,1.0112305610091015,46.974881042145384,0.4920617276584265,1
0.5416205502326126,0.5142616854145875,0.08403878364998646,0.0492652553027873,0.25468604642909254,-0.6379113377548884,58.587843560264886,0.003068602053261371,1
0.7663944730320045,0.3990129445964604,1.1323812417951573,-0.6331172184203333,1.3309368537503234,1.070874880986695,54.15171029144472,0.7611385833368549,1
-1.8185277528144401,-0.9735132602490275,-1.1238053931984435,0.7066342664735022,-1.1465907222198481,-0.34690214928511437,41.95704600393333,-0.9456695202617404,0
-1.576004071738599,-1.31353090515477,-0.028942999055954655,1.4721905799558823,-0.2009270422216622,2.020694949550685,46.432655822697114,-0.13744078516965877,0
1.5098610271743702,1.164654238690239,0.7778611826374576,-1.0607860362989276,0.6043489284343632,-0.6794438146408277,38.7079919542893,0.3623744465838889,1
0.3446328402983223,0.21480347503971628,1.5432352450914928,-0.34264286497302193,1.2670935883244765,1.4027370274933237,68.64085836520835,1.5627791160027495,1
0.059748426485593864,-0.6820169791435415,-0.3502280408803592,0.49453549090341753,-0.6163556652305505,0.08091619827310294,35.22537526229439,-0.3972283394341132,0
1.9510082431367333,1.441972041512374,1.2800895947251072,-0.9176594864398562,0.6282630426196294,-0.2346275091382049,44.873471382656774,0.8344487945212786,1
-0.08672775387712489,0.09914148063640305,0.021172781437100066,-0.039411742534338386,0.005274874434837762,-1.096485277592802,31.03355888880045,-0.01565496267597325,0
1.287249342014929,1.7042276313554554,1.051367731844591,-1.084033098275131,0.5369567312705134,-0.2604304321369334,38.87117967734186,0.9073368852614342,1
0.42555589045115716,0.005762056223609785,-0.34786876197381833,-0.15369664961251417,0.2787110556900096,0.3128780677471087,61.2188455352062,-0.6449817927935523,1
2.506878633019714,1.9711628868766815,1.9801423093627615,-1.5639944340598333,2.510243212906953,0.304859293530479,38.04700929155518,1.7494504963834998,1
1.6749256174366354,1.5934553910344147,1.6038741479787486,-1.2441827987548522,0.545180838404079,-0.027403366741955093,33.20253610115862,1.1538615120438833,1
-0.02298829780232714,-0.06291615560408931,-0.24847872557779097,0.2594436356613173,-0.7568886861882924,-0.24131603852272906,48.978127193780935,0.13099884509703522,0
0.9654419154835283,0.9262649076498297,1.3097650452625929,-0.5964585144904544,2.249117327822467,1.9067653311984063,30.39876938938074,1.2180923908885508,1
1.3364404723674408,0.48303269000479104,1.2561342874936767,-0.8069655155192836,1.3169649458610564,1.47109773325709,33.39064617705333,0.9877341463477619,1
1.966372288753213,1.6989575656006017,1.9175295245253738,-0.7452538927604727,1.1927966116308946,0.6644387488731047,62.305034782519,1.4808665417830975,1
-1.2921047213937507,-0.6100227094516952,-0.4791622085943981,0.7259601916053978,-0.9352374219734924,-0.13639448865981613,60.85893379438426,-0.4282814188179632,0
1.207566660518661,0.5359455685637631,0.6468576418760904,-0.2033296124801262,0.5086173487995325,-0.08721716340633069,66.60555281619584,0.6723871439113347,1
1.2904660373777261,0.5917894990094337,1.4834240103742218,-0.652057475336577,1.641490582404343,0.764831855053683,64.18061743642998,1.2558115831010486,1
-1.8546552811710713,-1.5068610639638838,-2.1019346699705808,1.4513822320433323,-1.6920916163509432,-0.7119037250761968,57.327022529592725,-1.830076230902365,0
-1.2744903700105876,-1.354415969105776,-1.6790447524165513,0.9215900211560679,-0.7832027533872452,-0.5921355666078658,32.09331429202651,-1.4155139813904896,0
-2.7009856098093827,-1.8415757779694084,-2.780082385973993,1.6967076756726198,-2.9554426943844225,-1.4696935127178892,61.3139447194663,-2.4838418143252845,0
-0.5163531510287079,-0.7619327888725167,0.386089728594469,0.2930349113147461,-0.3078673732361116,0.4159741615462387,63.820432433622415,0.2595350839366911,0
1.1700389522295032,0.9406915903707896,0.8224684815486712,-0.5218626283457544,0.0747506578229884,0.7271978071488401,61.96328583087818,0.2819397215353697,1
1.7023958628832714,1.1995640697758327,1.0858315681541701,-0.5971629923778432,0.5940416653675706,-0.556356833137738,50.33916141232105,1.1177020791015182,1
-0.032180802468868785,0.25678581018640634,0.6063285488113467,0.1259410781621358,1.2869740992045486,0.530625413177791,39.316073545979265,0.5751388225539971,1
1.6678018808807442,1.6321838125304005,1.5466887026851281,-1.0252819976990217,0.6410862161015755,-0.8498067339676147,63.81319902754907,1.1599942284756728,1
-1.5290420301798313,-1.6185863130640525,-1.3400535898687116,0.7108101374427567,-1.9801550006726978,-1.4765800766538502,59.08651238960554,-0.759298555117357,0
-1.4253014514532418,-1.8051415175868497,-0.7776293979612102,0.9347061840559006,-1.1495558234957988,-0.3247732446826252,69.23044697555406,-0.6435816921885513,0
-0.38691711295222436,0.11603191534255641,0.3211328289178895,0.09742648565600383,0.37993254462220694,0.12959716084368844,36.22770391023732,0.06573419018516674,1
0.46814437572899614,0.4105390622181158,1.1079173272526526,-0.23974157470386692,1.3598333662997368,1.5506373682157304,39.0265833220822,1.1130772124588464,1
0.384432468911717,0.11340849702402794,-0.6679717432584971,-0.09993818933579807,-0.0700881349477494,-0.33495304769391043,38.47192599526011,-0.48816633846786994,1
-2.5048229374215665,-1.5733319539110053,-0.9861452288278885,1.4754060099503254,-1.3881391111942718,0.8065305715669736,61.70159070485347,-0.7593074474068613,0
0.028767491459574066,-0.48018044244055125,-0.44594528874217293,0.3801094132676711,-5.080498381120069e-05,0.31644931514012464,37.47629185800473,-0.4642046163611651,1
-1.8840814590498878,-0.9001663567626972,-1.178040801301907,1.052209145263457,-0.8021980440567316,0.02122933080311243,32.66639319293225,-0.9112355363510141,0
0.9320991877583407,0.6957615332108417,0.6269785106518504,-0.6969724861315746,0.9079202874255212,1.111002960669817,69.94243226342515,0.48058007600985386,1
0.3837746158148533,0.14190223401606622,0.4142075248309225,-0.27892053769638253,0.876552595256863,0.17367443468898663,30.992688457805965,0.46326468643545254,1
-0.8321367448888674,-1.2724581927621026,-1.7276273998032297,0.4969225542586365,-0.8063488005943,-1.2697513815758905,63.40976240635462,-1.8494721806348728,0
-0.2604244853346069,-0.5611470150309519,-0.05422666391541123,0.2821668588539732,0.46922118393694967,0.7770539360437131,44.614673662026114,-0.13286735692393736,1
-0.49418713366115763,-0.8288009939078367,-0.5629924389857694,0.6587263321963375,0.15163678607335423,1.0467275003540946,63.66461839031261,-0.13411255357626506,1
0.09867503523626645,-0.09456637736755544,-0.4711169066271895,-0.051653748429580724,-0.6437640689590141,-0.5626041246492929,52.184819648445796,-0.5538628617131712,0
1.2439096795761357,1.3329310530630751,1.2679496753601704,-0.9196266987455457,1.0082142092189892,0.473296236065695,66.06524917945441,0.9569895645575075,1
-1.1245559651294517,-1.3485199688484335,-1.0210002051076499,0.6644772961312425,-0.3047949354873233,0.40661511931166566,67.04771945658507,-0.9574424420314974,0
0.4989059307782068,0.5010242785563308,0.6240737983997829,-0.46495408823195306,0.592891848213769,0.3643907972291046,30.36392725123104,0.2875015014620868,0
-0.5347639890084216,-0.8433559794757206,-0.3319661723816973,-0.21470940513974512,-1.0337849019992398,-0.26438408979161254,33.01648703971153,-0.7238274017700932,0
-1.0400678217565218,-0.7019648616061022,-1.1361938055653493,0.9656053874839735,-0.9357201135619538,0.001433474995344186,40.01434918283422,-1.0118820144352694,0
-0.07789813906458509,0.11469148756976726,-0.3219246195799607,0.2926751828115249,0.3430535690545055,-0.09926742061468732,56.772616654540066,-0.24646404182663523,1
-0.8470115262208611,-1.1404327708396373,-0.531783870027766,0.6494094807085626,0.061796399095446375,0.7029275402408971,65.53088786046024,-0.4625173032313315,1
-0.9663419360005108,-1.2047027695039656,0.07307324953352212,0.3913183236911471,0.1995192704678252,0.4964010275046481,48.39767805175851,0.033136549713916434,1
-1.0954899027679044,-1.1481408558897248,-1.168103546878399,0.6041836553486816,-1.1918806096970882,-0.49706147245377064,54.278924650970616,-0.9842798406765615,0
2.7528046797016263,2.0739097708497667,1.9175678155018088,-1.0361630174792993,2.1615331479034117,0.9878491606278097,37.539994111822445,1.8345009374866903,1
0.006895704268750712,0.13633724071215303,-0.9625168561210626,0.3547732525744123,-1.598897556934291,-2.3496386062403687,62.19867335526742,-0.8562285648887465,0
-1.4762270792936811,-0.39077996003704707,-0.5009343219954125,0.5211466012441148,-0.12080792967734671,0.7776184683291852,68.6931244541388,-0.5406106891135546,0
0.07442929675273666,-0.0537835091780402,-0.2988957387175557,0.05492019132311357,-0.7877870327765308,-1.5095999533102593,40.7439573165839,-0.3102864748875396,0
0.25430470433933694,0.05772597667178253,-0.12348942897246942,0.11368699057036565,-0.5992196011420948,-0.1103483972545955,49.79303806402186,0.010903337324756152,1
-0.2720239381295322,0.07715727858627075,-0.7390831387720235,-0.11266636810193004,-1.027393218891041,-0.9351726615087864,33.44464442025495,-0.34581529224756996,0
0.43720937036363705,0.169519804041796,-0.21669829978344884,-0.512281363823129,-0.2593853682122623,-1.1961618856093201,52.36546625851874,-0.3098223026497672,0
0.7575767756883008,0.8374206665270494,0.8800833773089451,-0.5038698036787221,1.3538001369766277,1.3449994093086983,50.111337673867226,0.7678576281183801,1
-0.38441536918126706,-0.6565461053624453,-0.5040863124704582,0.2804412595786804,-1.035266321018169,-0.5882034212149506,35.777459366203104,-0.3608018772126975,0
-0.5269618183132022,-0.5961989089200915,-0.010940713141207092,0.35934211296426877,0.09223437990978231,0.28609462389282103,47.682648524723,-0.20781520751579063,0
-0.4017416663328811,-0.18813257626705993,-0.45750708309679167,0.1742562765043279,-0.06283923670110159,0.12554007479921034,43.36418608346253,-0.3847975871896893,0
-2.872352721227108,-2.423728305763973,-1.7433967063073326,1.595169115741817,-1.6516349079010808,-0.026201115825771115,50.87323501220757,-1.7750219718296516,0
-1.9357567193514091,-1.6841180819889552,-1.9590513051352156,1.0710854416384832,-1.5515756009475137,0.1815226381996855,53.42617341715197,-2.019003670112813,0
1.3635260655838788,1.3754123718165308,0.5416046318274845,-1.1689330004904874,0.21188899234582242,-1.290170698220968,30.33982314428838,0.5337132186318132,1
2.458573963042373,1.373156228785583,1.8696599900687407,-1.2948806292764856,1.6977027626358987,1.0027091507662127,60.44023931798222,1.512436043292273,1
-0.39553938823105594,-0.5204923217776747,-0.6945400939598155,-0.08259162545052903,-0.44908884244816444,-0.635668019508794,58.520571674469636,-0.5499029983415994,1
1.0570159119145686,0.7464002837948922,-0.3846834051505895,-0.2080267642017964,-0.6104664152506957,-1.0720732609655859,44.65145544826089,-0.3305598897796711,0
0.8298950010289787,0.024051645753872086,-0.09145479223784836,-0.6390044965485402,-0.6256685388953983,-0.06603386219905188,32.11743742275273,-0.2730165831349306,0
3.9941502395906734,3.245458933682541,3.45895446236135,-1.9244984972552812,3.093112399231667,1.41596696391565,60.19730159140202,2.93106043261428,1
1.2140037999060775,1.2352227346480646,1.291507411614604,-0.5064325585516349,1.2581284955235343,0.7430065557503199,68.20700641912529,0.8511610388694422,1
-0.03238208267593701,-0.5593692736784157,-0.9260560560933252,0.02910619664001228,-0.1150311668230728,-0.33674694325871224,39.606063840880566,-0.5089531760790462,0
-1.1539072106377857,-1.1249316036843395,-1.6358995240582748,0.14825089085483822,-1.1356698554246916,-0.423511057538454,42.94098454948151,-1.6617086644215262,0
-2.1988461425281254,-1.3079189694957294,-1.7565152620759208,1.0522503117868425,-0.8942133689118391,0.1104506317303699,37.3525155792726,-1.532195026958249,0
0.3414641475571486,-0.041827746917697306,1.1511224415209027,-0.15526137736482,0.8251543518413946,1.486524581806762,53.077444933793586,0.7699997576833176,1
-1.2613328316891048,-0.8724518108616502,-1.3521929426808221,0.3273258777132296,0.05524846171649184,0.04628184339274366,36.1936557858982,-1.0352797666065396,1
-1.3504006349787399,-1.3067384862847,-1.2579307326069682,0.8925339179567233,-0.8759609851470453,0.5103755515110633,44.24775773845518,-1.1355273969722235,0
-0.9152726502805498,-0.4507252569218777,-0.3276765711607633,0.7586400587424389,0.3911158709402772,0.62519256242885,57.88052055737052,-0.3822584294108909,0
-1.237509707575422,-1.1444327251255189,-0.46137620617981584,0.8900690349904247,-0.6439470620772683,-0.046484547145320965,52.40463932037393,-0.22152946624253256,0
2.1095563235509203,1.5377640863996545,1.299304069723168,-1.3659119674264153,1.4517975996196426,-0.5681347821990037,45.458502573117414,1.1102945776002031,1
0.9802962162281175,1.2372322223740775,0.8298325370427927,-0.9366676637837018,0.4272113188952575,-0.27780733913311206,46.809984072301674,0.8086865456735672,1
0.1664409708626416,0.4267522746327774,0.00656126107565775,-0.059822614600322066,-0.37852636418924507,-0.07795976350537447,52.48443530492918,-0.19068811538918387,0
1.6334618696812737,1.7246586515854747,0.6778908864549263,-1.0786522530931058,1.5137760484429332,0.030995142707301422,30.23458911548645,0.29524386470118597,1
0.3542311584143152,0.09869784328887432,0.5911454593271697,0.045082022119330455,0.46055976315325925,0.8199301959844548,33.140394738144394,0.523915232836121,1
-1.437334945667941,-1.0633506317384953,-0.6897584752356312,0.4958355984162528,-0.5483280774245549,0.17328118956228797,65.25032271052046,-0.6500639750492327,1
1.865662766587512,1.315512975630516,1.8163482923313001,-0.9638869390163878,1.952352678495029,0.5383940068841685,33.11515956365163,1.6691829829723939,1
1.2283707521390759,0.6695385700010981,1.6306037192036578,0.009793777432784811,0.046166012070014195,-0.11412218318179582,58.27214384842021,1.3700314707905992,0
-1.54479478257342,-0.9326465991042855,-1.527301344616951,0.889172512517372,-0.5521062322634108,0.19044751948166833,66.8015265643621,-1.2571910750774824,0
-0.4317299048577853,0.16006097015299917,-0.45317608915975793,0.1236193731923712,-1.5186428462208381,-1.2804180068935438,40.827344172069246,-0.7098761817740429,0
-0.896569549164034,-0.7130057302507224,-0.5077596139853956,0.5763026831586711,-0.14656789191039066,0.7646406896327852,44.81965748238057,-0.053908283964734904,0
-1.6054851425753238,-1.7585698064042905,-1.0197256961878027,0.896625184839061,-0.8075230230691697,0.15990806716579192,52.75685623378865,-0.8996152387660387,0
1.2166020868200373,1.189164451962371,1.2191101631319654,-0.41219610078172003,0.8433726681304416,0.5501915876163355,65.26835878554338,1.1757610327300103,1
2.4380561076084555,1.6599014836415273,0.4327019251262287,-1.4620543375193518,-0.539341859409746,-2.678305618658008,67.67622349041682,0.20057830231336907,1
-1.4878646480144384,-1.4945603918072292,-0.5943108129965637,0.9880418434733953,0.6094210102280223,1.837267181835463,59.582529924450725,-0.443562210603611,1
1.0084730366155519,0.6255192882534945,0.5496890824313471,-0.3838388853071825,0.6043305072002625,0.03282292838575028,33.46479043418776,0.20666676736169592,1
-0.6578254858676386,-0.15172569667583585,-0.5974572945161414,0.3550929598229724,0.1581358900029692,1.0308871346666786,56.76616622139403,-0.41742513268678594,1
-0.6569277569031979,0.29035425523664415,-0.6292014659819092,0.06649465905846708,-0.9163505565449727,-0.8640896032884388,46.41214887490648,-0.6060160629617893,0
-0.5091005987258237,-0.4407131594548235,-0.4129032912555306,0.479270647690742,-0.16490385183254735,0.8419528105229934,48.82803997964246,-0.3451296967800875,1
-0.46682434314721455,-0.909789924359913,-1.5379787196934043,0.5925927444047945,-0.873067399415661,-0.9637620741851294,31.965935613807083,-1.1676871057133742,0
0.018435829619020322,0.18214804006496454,-0.3408419765267219,0.06608295432593508,-0.397975928797112,-0.26019785925484273,37.64248557385433,-0.5362237422917696,1
-1.2894989310944378,-0.6090362599425787,0.3949022018355524,0.47494502019989304,0.5947588526522477,1.5215393593460433,61.62054430134591,0.1987685254376601,0
0.6566723917218984,0.1902899193905409,0.00653765679164936,0.05484448171672243,0.4322422221194907,-0.3046336117805117,48.15835332191439,0.09702186449025506,1
-0.09640008052504381,0.3985647295289436,0.14929493623055196,-0.14018807962797308,-0.14043030363279094,0.32207887537321866,42.06648966524595,0.5465449907053186,0
-0.9385385200439025,-0.18143035706855923,-0.08631303261890905,0.5096716896100654,0.8104663586125134,0.7984632142220018,45.36076295859833,-0.10098254465836905,1
-0.8348498913047908,-0.7831278897687494,-0.39115798567131044,0.28576726146346615,-0.8424020366706486,0.48578870019481524,64.1759805330272,-0.21425706423582735,1
-0.8527240524681761,-0.4102902675547174,-0.2532743138170076,0.4906939443092111,0.14656548449373585,0.14065472962891082,59.95996069619828,-0.23667746071615248,0
0.8793094862996589,0.8607878784793699,1.3804191542185942,-0.4336877215727044,0.6737173456634599,0.28249553154377266,40.89261588724331,1.561805400037065,0
0.7006947243199613,0.7106523127417839,1.3595225193074882,-0.509753444925243,1.7449276175136663,2.51982546640823,34.70007360849493,0.8061498080183139,1
-1.1159163898245412,-1.1318685414352818,-0.7022507977047581,0.7691674589311883,-1.3347407631739474,0.24996912367217491,40.07992886576287,-0.5779889691151727,0
0.3320343116567829,-0.04024313305728176,0.19925895543397368,0.18637112015157364,0.05872024188759206,0.34158596111835204,66.83025804218934,-0.1557386945935346,0
0.7710186368751938,0.4763485651288653,1.4852717039965593,-0.9693347542310652,0.8819910208253436,0.8684733063569366,53.26355351399022,0.761166634289732,1
-1.8493545978928214,-1.559529973466315,-1.27590409610866,1.269132658283123,-0.7710323046782803,1.1362100465155545,51.33920834979131,-1.0250260710687977,0
0.5741682275807468,0.7380943182579636,1.187337889229278,-0.87900629873197,1.0785450378845156,1.0791229385461671,53.85574398769846,1.0371367650743781,1
-0.5735053664687652,-0.5481805424078753,-0.39927848307459274,0.27070367055745104,0.1736077983499974,0.5175353658168566,44.64113062986061,-0.3963540981618441,0
0.8693286475157072,0.9892217769300437,0.037080383509100576,-0.07358579503502244,-0.1955729407732329,-0.9902950115008657,62.28428081278051,0.010279507974784857,1
-1.196542598464399,-0.7646581612497785,-0.006034882633314916,0.417925002901351,0.499917547994104,1.2865158914252048,50.93144997200999,0.6145302365759339,1
-1.840063885944913,-1.637696686766391,-2.0072599288775392,1.0286414775833688,-2.3701246279632704,-1.7096827483844643,34.66991611075182,-1.7578059671521953,0
-2.1138399589940096,-1.9004676569179912,-1.3786027209358205,1.0996921607212775,-1.3033017761497712,0.29475858201563704,35.16260499316252,-1.0697874405454324,0
0.3001192754780019,-0.04868997895721826,-0.19401993306134155,0.37992180496974304,0.12311570548981532,-0.7255397000430763,51.47436586010473,-0.2947899070249165,0
0.42185319608618044,0.43360694111292625,0.681530330180792,-0.5481422006462425,-0.0642514420936581,0.34685682229632697,67.46280872283356,0.6383472956617938,1
-0.5337248470867536,-0.6920410974186226,-0.38674509278801006,0.422759655245217,0.015882452970970518,0.2678459459457229,42.33408486704795,-0.37638006388093204,0
0.6992711558212931,0.5651007218613283,0.9640224768288147,-0.1475283845082364,0.5988403136889343,-0.04015508252352201,64.78164675436872,0.7373154087585465,1
-2.098619113558211,-1.6794198752334766,-1.4632616121551112,1.5346045122958183,-0.9923012133174979,0.3250665648561984,60.563823463155174,-0.8799926638917794,0
-0.08512164014309966,-0.4455482353175189,0.3192404403723767,0.02556961419506481,1.2397764605186796,1.0294387439812918,39.91249771627628,0.506791366953388,1
-1.5441733745652306,-1.300273499964109,-0.6219106917092934,0.5999007993283911,-0.2545738423318577,0.48117929513930047,31.453629932649697,-0.5012747584730533,0
-0.5422207587799759,-0.42924031692221265,-0.4215011133792645,0.8754539758233433,-0.6686148301097348,-0.12258846714764761,34.07389060569531,-0.8191183335611683,0
-0.42801477695127954,0.19119992534305558,0.8700948742254102,0.2857094084283496,0.4975283884038632,1.0107296424077528,59.13975735389761,0.6673787984410847,1
-1.3486007640846491,-0.73524693493865,-0.4797780209764698,0.7380787532512132,0.051596134835156016,0.7538559432160712,37.986789521625866,0.13279419505101742,0
-0.7818075295495484,-0.37211212243458536,-0.9060077124697439,0.10670841117339372,-0.9235940887849289,-0.9735842280525573,44.85083682021575,-0.816238888927224,0
1.4926436486494015,1.0080585988714847,0.6527783074753094,-0.7142108346177156,1.3805507548816718,0.13666460702322764,50.067966640257,0.7755050757647446,1
-0.17908623165320092,-0.7419721543915105,-0.3564749174647365,0.37175229245723795,-0.010696299057577078,0.7363118893298973,59.018726738006514,-0.014615199454505845,1
0.9714957689169286,1.0103992171157756,0.9320686526884651,-0.5188142175224837,0.6338968714398072,-0.10833300757796305,34.529248930365014,0.8360511379563903,0
-1.406294742546145,-1.0244636185602707,-0.6064020576356679,1.0809950858865998,0.46965186667504033,1.2245167059061883,46.254656211098464,-0.6838060753639481,0
0.6567806624322938,0.6528088899134826,0.6089454638709909,-0.19497951631321728,0.42171266489638143,-0.1196397117867861,49.40291636570782,0.03054117793376454,1
2.0784458355719377,1.3100599099910053,1.2904914081813836,-1.224573249857482,1.2500181943777842,0.20415438547443154,51.63308255886159,1.233750338675967,1
-3.2441793404099193,-3.0099802300951004,-2.1964916713616396,2.00545044009301,-2.413249717192809,0.26262731765005337,62.734425655808664,-2.0299691212221034,0
-0.8847636117441366,-0.5226070775320528,-1.0552815278355423,0.6204531068319648,-1.377543054102696,-0.058810326195329464,36.86712780172868,-0.8617592082826725,0
0.985045841551377,0.457362763178439,0.10641771459457557,-0.2665373298545947,-0.10844823798266563,-0.8423587735886404,62.313258073064894,-0.15950901051248362,1
-0.09332621226963764,-0.4187393270537728,-1.6561019917466282,0.4354399420858155,-1.0447618384730828,-1.423572280870788,57.715137107866084,-1.4607342010786744,0
0.5022495330251936,0.5445156013498073,0.9157644638755715,-0.4821181612626264,1.0806276404890423,1.0585388101803948,52.23483256795838,0.7851436052744464,1
-0.4244683962888423,-0.701988346695603,-1.3715131804861116,0.4156245149597818,-0.8881066377719586,-0.6531157553813355,57.981114816102874,-1.1120674872043352,0
-0.7070619429322912,0.35157388348455537,0.043172223907131824,-0.16690376150287295,-0.5480141878281818,-0.517130492889569,46.48070955806625,-0.1862680471494208,0
0.0165499133887769,-0.0014257479979050969,-0.768243351465004,-0.20459782029863555,-1.070457919516119,-1.7867822969458649,35.535903438724986,-0.41362465899298295,0
1.2051157690535415,1.3386743924599267,0.9354204510078501,-0.7481054476408812,0.5182927581088476,-0.5701485304796328,56.63060961061469,0.6757284264102783,1
-0.2438848570954813,-0.08706808449892045,0.15604470975590645,0.3242167200060355,-0.8271152290896394,-1.1601931458520924,50.98689226742489,-0.20225588879812859,0
0.5584839743477368,0.6405886584218023,0.6759735036747785,-0.6043374123537921,1.5354609643260098,1.1799229603980146,55.57499202171102,0.552772794130869,1
-0.0821547957980735,-0.3465643333140034,0.5574465256015004,0.2818577540758331,0.23184320652986917,0.8815965354013128,43.5199512411396,0.4807046085665674,1
-0.6263620232752998,-0.5799255088840444,-0.4344482704582183,0.46943294386570017,-0.6206338700593124,-0.9248346874368402,66.27466309359343,-0.33716314325513363,1
-0.23320746122266345,-0.3967110709840581,0.44070536693438095,0.3274063718049709,0.8838196304840295,2.122183538442129,53.49479474302308,0.6470260426312396,1
0.9570260482505498,-0.04960666584628315,1.0883991670919881,-0.2987421101679559,0.6899503333294482,0.6190568150609103,33.41609937163496,0.8778495246810181,1
-0.11070704090910133,-0.31882127795009524,-0.8407066398651759,0.0348458638850192,-0.4853867216646619,-0.0793892354473626,47.99215962817715,-0.7385245687591537,0
0.8397191870871134,0.03243197985089502,-0.9863191632009596,-0.1562850512394563,-1.2784636931887285,-2.3170242212473275,60.25424218974537,-1.0590081649674343,0
2.713119205696094,1.7372332271845552,2.6016608308452813,-1.6041333544549923,3.0750642531485743,1.999964090709148,61.7653824692909,2.3755224067960685,1
1.0679797357885086,0.49053490687721957,0.06948993396388006,-1.0477716333978955,-0.2609936784773111,-0.9436718214572526,49.78388211055035,0.09592825668491875,1
-0.8718179821705598,-0.047851438420359826,-1.2685479705618896,0.46713491662023493,-1.7826648324311352,-1.2202684795640395,65.78990283325204,-1.1622713204364385,0
1.3676379601577493,1.0438980737407477,1.857045622880004,-0.6491725815463528,1.384620535752226,0.5694492151577641,40.7067374877719,1.1975538407549107,1
-0.7426644262207192,-0.02464344554242659,0.5309768067053634,0.29598495648530193,1.395940454180545,2.0141889724709374,46.423947889530666,0.7402127247105763,1
-1.7944666269640805,-2.1720749009409284,-1.1748514637487972,1.472502112265638,-0.7872425340500114,0.8116542086248173,65.9438764227588,-1.2441597370776891,0
-1.2624693168305858,-1.4349258003156407,-0.852819441728824,0.9205240201852951,-0.49163428191100167,0.3879364822678414,65.85026865886316,-0.8431521273434415,0
-2.207988863195681,-2.1499230310130204,-1.9919919824217107,1.3544222760737155,-0.7503283839984392,0.7331567485710603,57.428510752987236,-1.6215242828432535,0
-0.25637056803743014,-0.042560579039574,0.10602129539237191,0.4268629497811789,0.0348222540595263,0.8819079287919317,64.3592218848888,-0.14919348463982118,1
0.035182788939198156,-0.02055616529461518,-0.2535285154406304,-0.07238930560745621,0.006329972791352945,0.6109386074645204,33.55093067824931,-0.5142011937751645,0
2.520240086859565,1.5393654881526324,1.600679936809864,-0.9111093708779086,1.377853502730439,-0.018748504805209842,64.59979904831106,0.9357884297482515,1
0.20551803999665957,0.3669319302273596,-0.07457943368134629,-0.16469201644837705,0.1624640073196265,0.24475781120504922,42.82479626200907,0.08080687195198281,1
-0.20453839799946427,-0.093654844766978,0.3739550726814556,0.1921807588873798,-0.4917551692723378,-0.04522919289511163,37.13326049712865,0.20882456283397288,0
0.7725455217107725,1.1087552851591043,0.7182880041708863,-0.8345961245708489,0.11706189579800387,-1.1832505706509469,39.57479345368185,1.1959988220399196,0
-3.0493691241756737,-1.8490105015346536,-2.0705656714723624,1.6051858871658613,-1.6793048337019432,-0.028882604914289733,46.71874032055548,-1.9588518338776826,0
0.09920674245869351,0.1456723966612945,-0.08601762008404429,-0.3313211741748864,-0.8418497384061516,-1.3604236598237314,40.04768018417869,-0.25740518175722193,0
0.9139271935498365,0.43935327236645727,0.40054803054064947,-0.6672621810265755,0.6112394411442466,0.22194111055996812,42.822703440659964,0.22738723190247173,1
-1.9030941622909878,-1.5819525360606606,-1.5631202504611965,0.8719352463826647,-1.1580720390708046,-1.0646905154314352,35.39913944286568,-1.2800252818643192,0
1.1647785578861583,1.2088241698526505,0.6478860421155419,-1.0138748166246954,0.09279828360846507,-1.6770474070716168,41.84707062235994,0.45666246804114835,1
-0.01569955010825319,0.0975566759417614,0.4558104516064651,0.1880067953573025,0.4453133867062985,0.2136862855090791,52.891352581680046,0.5099053266659977,0
-0.52327716846957,-0.654575642624562,0.564747842059149,0.5569693521282415,0.3709714276014182,1.1864927482461727,47.674148323642555,0.28431798775254574,0
0.3079221271182411,0.7187288364937562,1.1565779527305224,-0.058873805845547134,0.7716684472150094,0.31198537790023745,43.86875044943645,0.7067729161282278,0
2.952848218472156,2.258529769911783,1.5020404294221925,-1.8340640043741898,0.5852469851540598,-1.5010253693651934,59.85808515428456,0.9170914171270421,1
0.24297143195054516,0.1900655039113918,-0.7286378559439782,-0.11305562855876809,-0.6010047621048377,-0.10289807332629464,65.7403988557327,-1.0640570111398209,0
-0.1394007462790759,0.058596752625318715,0.3116931142817498,-0.43245593545105443,0.8584708917823192,0.6762142968521219,60.27156891609588,0.16132534324447595,1
-0.643995802563252,-0.5169610780916859,-0.8432324470802608,0.18241365423875808,-0.22929037476794167,-0.6032501707365937,43.28002808470717,-0.7769436424968661,0
-1.2454601650349248,-1.080902655531868,-0.8267014802341272,0.4112656619420392,-0.9869761979795607,-0.3423714768397156,59.77768671350215,-0.8289836636956447,0
1.0921553329788487,1.0528854193254422,0.6282619570974647,-0.3333182702926596,0.8277955301382767,-0.08253404549364762,36.07920729896205,0.7827038229702774,1
-0.6251654572836971,-0.5972714922279291,-0.4343102225899085,0.520012742515855,-1.242006446283206,-0.8172401255898847,35.212719523651636,-0.12355764727979515,0
-0.47667225623045245,-0.389980728340131,0.5614780325319091,0.16357950068522856,0.2356396362150444,0.01789926484524164,43.82508148144636,0.41029573016322235,0
-0.5386811123739149,-0.7100351618132192,-0.7828664039381419,0.45518439065328525,-1.0795931384383248,-1.1671899556016565,62.30809476176228,-1.0242206659858133,0
0.526735952225678,0.1048475119738721,0.21214584397639064,0.12544187239848353,0.38364302112350085,-0.509754324037569,39.853929889692076,0.06698294576892147,0
0.6017965492794777,0.17115612168522373,0.3645459774449228,-0.5294523183288086,-0.2858018817098291,0.3218926152254387,32.530136355947185,0.18989980204477203,1
1.3090069215807858,1.016680451810309,0.011012918412770856,-0.47443131302316965,-0.893720242984279,-1.3119242246387872,35.2683814082542,-0.12206601180475637,0
-0.8376104781473421,-0.8724277037793795,-0.25958070822945395,0.5862996532784684,-0.2669909079678657,0.036378248381478295,64.3497987411832,-0.36018738277468487,0
-0.41956610305203096,-0.5003398885746996,-0.17341679929188142,-0.005763312900047085,0.11500117543707541,0.10583595874913974,55.351331389891506,-0.27809685854306065,1
-1.4133242159798156,-1.229753058802682,-1.032419535081705,0.886561268342247,-0.8722732236681208,-0.045350975296887586,40.12804653479907,-0.9548649279990011,0
-0.21034977051175435,-0.3924764277263756,-0.21004535526916662,0.3782342746585239,-1.1011611665264138,-0.3334580570693209,52.211833013127254,-0.30564677174190297,0
0.45915408625540527,0.39463657730391477,0.83864890108248,-0.3096055971220781,1.2728134496337082,1.2761074676544675,51.10318489701402,0.7545160676452265,1
